ID,種類,地域,市区町村コード,都道府県名,市区町村名,地区名,最寄駅：名称,最寄駅：距離（分）,間取り,面積（㎡）,土地の形状,間口,延床面積（㎡）,建築年,建物の構造,用途,今後の利用目的,前面道路：方位,前面道路：種類,前面道路：幅員（ｍ）,都市計画,建ぺい率（％）,容積率（％）,取引時点,改装,取引の事情等,取引価格（総額）_log
19001249,中古マンション等,,19201,山梨県,甲府市,里吉,南甲府,15,３ＬＤＫ,70,,,,平成8年,ＲＣ,住宅,住宅,,,,準工業地域,60.0,200.0,2018年第４四半期,未改装,,7.041392685158225
19001834,中古マンション等,,19201,山梨県,甲府市,中央,金手,5,１ＤＫ,45,,,,昭和50年,ＳＲＣ,住宅,住宅,,,,商業地域,80.0,400.0,2015年第４四半期,改装済,,6.6020599913279625
19001493,中古マンション等,,19201,山梨県,甲府市,城東,甲府,26,３ＬＤＫ,65,,,,平成5年,ＲＣ,住宅,住宅,,,,第２種住居地域,60.0,200.0,2015年第３四半期,未改装,,7.0
19001657,中古マンション等,,19201,山梨県,甲府市,善光寺,善光寺,8,,15,,,,平成3年,ＲＣ,住宅,住宅,,,,第１種中高層住居専用地域,60.0,200.0,2020年第１四半期,未改装,,6.698970004336019
19001912,中古マンション等,,19201,山梨県,甲府市,中央,甲府,16,１Ｋ,20,,,,平成5年,ＳＲＣ,住宅,住宅,,,,商業地域,80.0,600.0,2017年第３四半期,未改装,,6.414973347970818
19000836,中古マンション等,,19201,山梨県,甲府市,川田町,石和温泉,10,３ＤＫ,50,,,,平成6年,ＲＣ,住宅,住宅,,,,市街化調整区域,70.0,400.0,2017年第３四半期,未改装,,6.698970004336019
19019587,中古マンション等,,19201,山梨県,甲府市,下石田,甲府,30分?60分,３ＬＤＫ,70,,,,平成10年,ＲＣ,住宅,,,,,第１種住居地域,60.0,200.0,2012年第３四半期,改装済,,7.176091259055681
19001354,中古マンション等,,19201,山梨県,甲府市,下石田,甲府,30分?60分,３ＬＤＫ,65,,,,,ＲＣ,住宅,住宅,,,,第１種住居地域,60.0,200.0,2017年第２四半期,未改装,,6.8512583487190755
19026539,中古マンション等,,19201,山梨県,甲府市,川田町,石和温泉,10,３ＬＤＫ,80,,,,平成6年,ＲＣ,住宅,,,,,市街化調整区域,60.0,200.0,2008年第２四半期,未改装,,7.204119982655925
19012727,中古マンション等,,19201,山梨県,甲府市,朝日,甲府,8,１Ｋ,15,,,,昭和63年,ＳＲＣ,住宅,,,,,商業地域,80.0,400.0,2010年第４四半期,改装済,,6.204119982655925
19002303,中古マンション等,,19201,山梨県,甲府市,丸の内,甲府,4,２ＬＤＫ,65,,,,平成19年,ＲＣ,住宅,住宅,,,,商業地域,80.0,600.0,2019年第２四半期,未改装,,7.447158031342219
19021714,中古マンション等,,19201,山梨県,甲府市,湯村,甲府,30分?60分,３ＬＤＫ,85,,,,平成16年,ＳＲＣ,住宅,,,,,商業地域,80.0,400.0,2013年第２四半期,改装済,,7.361727836017593
19001008,中古マンション等,,19201,山梨県,甲府市,国母,甲府,30分?60分,２ＬＤＫ,55,,,,昭和49年,ＲＣ,住宅,住宅,,,,第１種住居地域,60.0,200.0,2017年第２四半期,改装済,,6.748188027006201
19024049,中古マンション等,,19201,山梨県,甲府市,南口町,南甲府,1,３ＬＤＫ,75,,,,平成11年,ＲＣ,住宅,,,,,第１種住居地域,60.0,200.0,2009年第２四半期,未改装,,7.079181246047625
19024047,中古マンション等,,19201,山梨県,甲府市,南口町,南甲府,2,３ＬＤＫ,75,,,,平成11年,ＲＣ,住宅,,,,,第１種住居地域,60.0,200.0,2009年第３四半期,未改装,,6.342422680822207
19013586,中古マンション等,,19201,山梨県,甲府市,丸の内,甲府,11,３ＬＤＫ,70,,,,平成21年,ＲＣ,住宅,,,,,商業地域,80.0,400.0,2010年第１四半期,未改装,,7.230448921378274
19027005,中古マンション等,,19201,山梨県,甲府市,若松町,甲府,19,４ＬＤＫ,85,,,,平成18年,ＲＣ,住宅,,,,,商業地域,80.0,400.0,2007年第２四半期,未改装,,7.518513939877887
19013814,中古マンション等,,19201,山梨県,甲府市,朝日,甲府,5,１Ｋ,15,,,,昭和63年,ＳＲＣ,住宅,,,,,商業地域,80.0,400.0,2011年第１四半期,改装済,,6.204119982655925
19002308,中古マンション等,,19201,山梨県,甲府市,丸の内,甲府,8,３ＬＤＫ,70,,,,平成22年,ＲＣ,住宅,住宅,,,,商業地域,80.0,600.0,2019年第１四半期,未改装,,7.301029995663981
19013543,中古マンション等,,19201,山梨県,甲府市,丸の内,甲府,9,３ＬＤＫ,95,,,,平成22年,ＲＣ,住宅,,,,,商業地域,80.0,600.0,2010年第３四半期,改装済,,7.544068044350276
19013007,中古マンション等,,19201,山梨県,甲府市,丸の内,甲府,8,３ＬＤＫ,75,,,,平成22年,ＲＣ,住宅,,,,,商業地域,80.0,600.0,2014年第２四半期,未改装,,7.505149978319906
19021368,中古マンション等,,19201,山梨県,甲府市,高畑,甲府,28,４ＬＤＫ,95,,,,平成18年,ＲＣ,住宅,,,,,第１種住居地域,60.0,200.0,2013年第４四半期,未改装,,7.414973347970818
19021294,中古マンション等,,19201,山梨県,甲府市,城東,善光寺,6,２ＬＤＫ,50,,,,平成3年,ＲＣ,住宅,,,,,準工業地域,60.0,200.0,2013年第１四半期,改装済,,6.740362689494244
19013509,中古マンション等,,19201,山梨県,甲府市,丸の内,甲府,8,３ＬＤＫ,70,,,,平成22年,ＳＲＣ,住宅,,,,,商業地域,80.0,600.0,2010年第３四半期,未改装,,7.477121254719663
19001720,中古マンション等,,19201,山梨県,甲府市,高畑,甲府,30分?60分,４ＬＤＫ,95,,,,平成18年,ＲＣ,住宅,住宅,,,,第１種住居地域,60.0,200.0,2016年第２四半期,改装済,,7.278753600952829
19014018,中古マンション等,,19201,山梨県,甲府市,上石田,甲府,26,３ＬＤＫ,70,,,,平成2年,ＲＣ,住宅,,,,,第１種中高層住居専用地域,60.0,200.0,2011年第１四半期,改装済,,6.977723605288848
19026707,中古マンション等,,19201,山梨県,甲府市,城東,金手,9,３ＬＤＫ,55,,,,平成5年,ＲＣ,住宅,,,,,第２種住居地域,60.0,200.0,2008年第４四半期,未改装,,6.929418925714293
19001921,中古マンション等,,19201,山梨県,甲府市,中央,甲府,12,３ＬＤＫ,65,,,,昭和64年,ＲＣ,住宅,住宅,,,,商業地域,80.0,400.0,2017年第２四半期,未改装,,7.041392685158225
19014253,中古マンション等,,19201,山梨県,甲府市,国母,甲府,30分?60分,３ＬＤＫ,50,,,,昭和49年,ＲＣ,住宅,,,,,第１種住居地域,60.0,200.0,2011年第４四半期,未改装,,6.3979400086720375
19001961,中古マンション等,,19201,山梨県,甲府市,長松寺町,甲府,30分?60分,３ＬＤＫ,70,,,,平成27年,ＲＣ,,住宅,,,,第１種中高層住居専用地域,60.0,200.0,2019年第３四半期,未改装,,7.301029995663981
19012797,中古マンション等,,19201,山梨県,甲府市,伊勢,甲府,30分?60分,２ＬＤＫ,50,,,,平成2年,ＲＣ,住宅,,,,,第１種住居地域,60.0,200.0,2010年第１四半期,未改装,調停・競売等,6.556302500767288
19021237,中古マンション等,,19201,山梨県,甲府市,下石田,甲府,30分?60分,３ＬＤＫ,75,,,,平成10年,ＲＣ,住宅,,,,,第１種住居地域,60.0,200.0,2013年第４四半期,未改装,,7.204119982655925
19013127,中古マンション等,,19201,山梨県,甲府市,酒折,酒折,10,１Ｋ,20,,,,平成2年,ＲＣ,住宅,,,,,市街化調整区域,60.0,200.0,2010年第１四半期,未改装,,6.380211241711606
19023674,中古マンション等,,19201,山梨県,甲府市,下飯田,甲府,30分?60分,３ＬＤＫ,75,,,,平成19年,ＲＣ,住宅,,,,,第１種住居地域,60.0,200.0,2009年第４四半期,未改装,,7.278753600952829
19013578,中古マンション等,,19201,山梨県,甲府市,丸の内,甲府,11,３ＬＤＫ,75,,,,平成21年,ＲＣ,住宅,,,,,商業地域,80.0,400.0,2010年第１四半期,未改装,,7.3222192947339195
19012822,中古マンション等,,19201,山梨県,甲府市,中央,金手,8,２ＬＤＫ,45,,,,昭和50年,ＲＣ,住宅,住宅,,,,商業地域,,,2014年第３四半期,改装済,,6.568201724066995
19000142,中古マンション等,,19201,山梨県,甲府市,朝日,甲府,7,１Ｋ,15,,,,昭和63年,ＳＲＣ,住宅,その他,,,,商業地域,80.0,400.0,2019年第１四半期,未改装,,6.230448921378274
19012730,中古マンション等,,19201,山梨県,甲府市,朝日,甲府,8,１Ｋ,15,,,,昭和63年,ＳＲＣ,住宅,,,,,商業地域,80.0,400.0,2010年第３四半期,改装済,,5.954242509439325
19021292,中古マンション等,,19201,山梨県,甲府市,城東,善光寺,5,２ＬＤＫ,50,,,,平成3年,ＲＣ,住宅,,,,,準工業地域,60.0,200.0,2013年第２四半期,未改装,,6.732393759822968
19014954,中古マンション等,,19201,山梨県,甲府市,丸の内,甲府,9,１Ｋ,15,,,,昭和63年,ＳＲＣ,住宅,,,,,商業地域,80.0,400.0,2011年第３四半期,未改装,,6.204119982655925
19000150,中古マンション等,,19201,山梨県,甲府市,朝日,甲府,6,１Ｋ,15,,,,昭和63年,ＳＲＣ,住宅,その他,,,,商業地域,80.0,400.0,2017年第４四半期,未改装,,6.2552725051033065
19013548,中古マンション等,,19201,山梨県,甲府市,丸の内,甲府,8,２ＬＤＫ,60,,,,平成22年,ＲＣ,住宅,,,,,商業地域,80.0,600.0,2010年第３四半期,未改装,,7.278753600952829
19013510,中古マンション等,,19201,山梨県,甲府市,丸の内,甲府,8,３ＬＤＫ,90,,,,平成22年,ＳＲＣ,住宅,,,,,商業地域,80.0,600.0,2010年第３四半期,改装済,,7.462397997898956
19014343,中古マンション等,,19201,山梨県,甲府市,幸町,南甲府,3,４ＬＤＫ,80,,,,平成8年,ＲＣ,住宅,,,,,商業地域,80.0,400.0,2011年第４四半期,未改装,,7.146128035678238
19000855,中古マンション等,,19201,山梨県,甲府市,北口,甲府,4,２ＬＤＫ,75,,,,平成11年,ＲＣ,住宅,住宅,,,,商業地域,80.0,400.0,2017年第４四半期,改装済,,7.278753600952829
19014254,中古マンション等,,19201,山梨県,甲府市,国母,甲府,30分?60分,３ＬＤＫ,65,,,,平成20年,ＲＣ,住宅,,,,,第２種住居地域,60.0,200.0,2011年第３四半期,未改装,,7.230448921378274
19012698,中古マンション等,,19201,山梨県,甲府市,城東,善光寺,6,３ＬＤＫ,55,,,,平成3年,ＲＣ,住宅,住宅,,,,準工業地域,60.0,200.0,2014年第３四半期,,,6.799340549453582
19023421,中古マンション等,,19201,山梨県,甲府市,国母,甲府,30分?60分,３ＬＤＫ,75,,,,平成10年,ＲＣ,住宅,,,,,第１種住居地域,60.0,200.0,2009年第２四半期,未改装,,7.041392685158225
19021469,中古マンション等,,19201,山梨県,甲府市,中央,甲府,16,２Ｋ,40,,,,平成5年,ＳＲＣ,住宅,,,,,商業地域,80.0,600.0,2013年第１四半期,未改装,,6.763427993562937
19021348,中古マンション等,,19201,山梨県,甲府市,善光寺,善光寺,8,１Ｒ,15,,,,平成3年,鉄骨造,住宅,,,,,第１種中高層住居専用地域,60.0,200.0,2013年第３四半期,未改装,,6.041392685158225
19026370,中古マンション等,,19201,山梨県,甲府市,朝日,甲府,7,１Ｋ,15,,,,昭和63年,ＳＲＣ,住宅,,,,,商業地域,80.0,400.0,2008年第２四半期,未改装,,6.414973347970818
19019607,中古マンション等,,19201,山梨県,甲府市,城東,善光寺,5,３ＬＤＫ,70,,,,平成3年,ＲＣ,住宅,,,,,準工業地域,60.0,200.0,2012年第２四半期,未改装,,6.799340549453582
19012645,中古マンション等,,19201,山梨県,甲府市,里吉,南甲府,15,３ＬＤＫ,70,,,,平成8年,ＲＣ,住宅,住宅,,,,準工業地域,60.0,200.0,2014年第３四半期,,,6.963787827345556
19021646,中古マンション等,,19201,山梨県,甲府市,宮前町,甲府,11,３ＬＤＫ,60,,,,平成5年,ＲＣ,住宅,,,,,第２種住居地域,60.0,200.0,2013年第２四半期,未改装,,6.826074802700826
19023129,中古マンション等,,19201,山梨県,甲府市,青沼,南甲府,14,２ＬＤＫ,70,,,,平成18年,ＲＣ,住宅,,,,,第１種住居地域,60.0,200.0,2009年第２四半期,未改装,,7.204119982655925
19021594,中古マンション等,,19201,山梨県,甲府市,丸の内,甲府,8,,15,,,,昭和63年,ＳＲＣ,住宅,,,,,商業地域,80.0,400.0,2013年第４四半期,未改装,,5.954242509439325
19023479,中古マンション等,,19201,山梨県,甲府市,国母,国母,30分?60分,２ＬＤＫ,55,,,,昭和49年,ＲＣ,住宅,,,,,第１種住居地域,60.0,200.0,2009年第２四半期,改装済,,6.633468455579586
19012660,中古マンション等,,19201,山梨県,甲府市,下石田,甲府,30分?60分,３ＬＤＫ,70,,,,平成10年,ＲＣ,住宅,,,,,第１種住居地域,60.0,200.0,2014年第１四半期,,,7.146128035678238
19014602,中古マンション等,,19201,山梨県,甲府市,善光寺,善光寺,8,１Ｋ,15,,,,平成3年,鉄骨造,住宅,,,,,第１種中高層住居専用地域,60.0,200.0,2011年第４四半期,未改装,,5.954242509439325
19023889,中古マンション等,,19201,山梨県,甲府市,中央,甲府,16,２ＬＤＫ,45,,,,昭和50年,ＲＣ,住宅,,,,,商業地域,80.0,400.0,2009年第２四半期,未改装,,6.477121254719663
19001348,中古マンション等,,19201,山梨県,甲府市,下飯田,甲府,29,４ＬＤＫ,85,,,,平成21年,ＳＲＣ,住宅,住宅,,,,第１種住居地域,60.0,200.0,2015年第２四半期,未改装,,7.3222192947339195
19019804,中古マンション等,,19201,山梨県,甲府市,湯村,甲府,30分?60分,４ＬＤＫ,85,,,,平成16年,ＳＲＣ,住宅,,,,,商業地域,80.0,400.0,2012年第２四半期,未改装,,7.3222192947339195
19000856,中古マンション等,,19201,山梨県,甲府市,北口,甲府,3,１Ｋ,30,,,,昭和61年,ＳＲＣ,住宅,事務所,,,,商業地域,80.0,600.0,2017年第４四半期,未改装,,6.447158031342219
19001522,中古マンション等,,19201,山梨県,甲府市,城東,善光寺,6,３ＬＤＫ,55,,,,平成3年,ＲＣ,住宅,住宅,,,,準工業地域,60.0,200.0,2015年第３四半期,改装済,,6.913813852383717
19026428,中古マンション等,,19201,山梨県,甲府市,大里町,甲斐住吉,30分?60分,２ＬＤＫ,55,,,,平成4年,鉄骨造,住宅,,,,,第１種中高層住居専用地域,60.0,200.0,2007年第２四半期,未改装,,6.903089986991944
19000165,中古マンション等,,19201,山梨県,甲府市,朝日,甲府,6,１Ｋ,15,,,,昭和63年,ＳＲＣ,住宅,住宅,,,,商業地域,80.0,400.0,2016年第１四半期,,,6.204119982655925
19001658,中古マンション等,,19201,山梨県,甲府市,善光寺,善光寺,8,１Ｋ,15,,,,平成3年,ＲＣ,住宅,住宅,,,,第１種中高層住居専用地域,60.0,200.0,2019年第４四半期,未改装,,6.041392685158225
19002025,中古マンション等,,19201,山梨県,甲府市,徳行,甲府,30分?60分,４ＬＤＫ,80,,,,平成19年,ＲＣ,住宅,住宅,,,,準工業地域,60.0,200.0,2017年第３四半期,未改装,,7.278753600952829
19019646,中古マンション等,,19201,山梨県,甲府市,高畑,甲府,29,３ＬＤＫ,95,,,,平成14年,ＲＣ,住宅,,,,,第２種住居地域,60.0,200.0,2012年第１四半期,未改装,,7.3979400086720375
19013538,中古マンション等,,19201,山梨県,甲府市,丸の内,甲府,9,３ＬＤＫ,75,,,,平成22年,ＲＣ,住宅,,,,,商業地域,80.0,600.0,2010年第３四半期,未改装,,7.3979400086720375
19001065,中古マンション等,,19201,山梨県,甲府市,国母,国母,5,４ＬＤＫ,90,,,,平成12年,ＲＣ,住宅,住宅,,,,第１種住居地域,60.0,200.0,2016年第３四半期,未改装,,7.278753600952829
19001174,中古マンション等,,19201,山梨県,甲府市,酒折,酒折,3,１Ｋ,20,,,,平成3年,ＲＣ,住宅,住宅,,,,市街化調整区域,,,2018年第４四半期,未改装,,6.2552725051033065
19026541,中古マンション等,,19201,山梨県,甲府市,川田町,石和温泉,10,１ＤＫ,25,,,,平成6年,ＲＣ,住宅,,,,,市街化調整区域,60.0,200.0,2008年第１四半期,,,6.505149978319906
19001179,中古マンション等,,19201,山梨県,甲府市,酒折,酒折,3,１Ｋ,20,,,,平成3年,ＲＣ,住宅,住宅,,,,市街化調整区域,60.0,100.0,2017年第４四半期,,,6.544068044350276
19012749,中古マンション等,,19201,山梨県,甲府市,朝日,甲府,8,１Ｋ,15,,,,昭和63年,ＳＲＣ,住宅,,,,,商業地域,80.0,400.0,2010年第１四半期,未改装,,5.903089986991944
19023722,中古マンション等,,19201,山梨県,甲府市,城東,善光寺,6,２ＬＤＫ,50,,,,平成3年,ＲＣ,住宅,,,,,準工業地域,60.0,200.0,2009年第４四半期,未改装,調停・競売等,6.544068044350276
19014378,中古マンション等,,19201,山梨県,甲府市,里吉,南甲府,18,３ＬＤＫ,70,,,,平成8年,ＲＣ,住宅,,,,,準工業地域,60.0,200.0,2011年第２四半期,改装済,,6.977723605288848
19002448,中古マンション等,,19201,山梨県,甲府市,宮前町,甲府,11,３ＬＤＫ,65,,,,平成5年,ＲＣ,住宅,住宅,,,,第２種住居地域,60.0,200.0,2016年第３四半期,未改装,,7.113943352306837
19012779,中古マンション等,,19201,山梨県,甲府市,高畑,甲府,29,４ＬＤＫ,95,,,,平成18年,ＲＣ,住宅,,,,,第２種住居地域,60.0,200.0,2014年第１四半期,未改装,,7.380211241711606
19013558,中古マンション等,,19201,山梨県,甲府市,丸の内,甲府,10,３ＬＤＫ,80,,,,平成21年,ＲＣ,住宅,,,,,商業地域,80.0,400.0,2010年第２四半期,未改装,,7.342422680822207
19002361,中古マンション等,,19201,山梨県,甲府市,丸の内,甲府,8,３ＬＤＫ,95,,,,平成22年,ＲＣ,住宅,住宅,,,,商業地域,80.0,600.0,2015年第１四半期,未改装,,7.568201724066995
19012707,中古マンション等,,19201,山梨県,甲府市,青葉町,南甲府,9,,70,,,,平成3年,ＲＣ,住宅,,,,,準工業地域,60.0,200.0,2010年第２四半期,改装済,,6.7558748556724915
19026559,中古マンション等,,19201,山梨県,甲府市,貢川本町,甲府,30分?60分,２ＬＤＫ,65,,,,平成16年,ＲＣ,住宅,,,,,第１種住居地域,60.0,200.0,2008年第２四半期,未改装,,6.724275869600789
19012603,中古マンション等,,19201,山梨県,甲府市,国母,甲斐住吉,21,３ＬＤＫ,80,,,,平成10年,ＲＣ,住宅,,,,,第１種住居地域,60.0,200.0,2014年第１四半期,未改装,,7.204119982655925
19023686,中古マンション等,,19201,山梨県,甲府市,下石田,甲府,30分?60分,３ＬＤＫ,70,,,,平成10年,ＲＣ,住宅,,,,,第１種住居地域,60.0,200.0,2009年第２四半期,未改装,,7.113943352306837
19001673,中古マンション等,,19201,山梨県,甲府市,善光寺,善光寺,8,１Ｋ,15,,,,平成3年,鉄骨造,住宅,,,,,第１種中高層住居専用地域,60.0,200.0,2016年第３四半期,未改装,,5.544068044350276
19023745,中古マンション等,,19201,山梨県,甲府市,住吉,南甲府,5,３ＬＤＫ,55,,,,平成2年,ＲＣ,住宅,,,,,第１種住居地域,60.0,200.0,2009年第４四半期,改装済,,6.799340549453582
19001519,中古マンション等,,19201,山梨県,甲府市,城東,善光寺,7,２ＬＤＫ,60,,,,平成3年,ＲＣ,住宅,住宅,,,,準工業地域,60.0,200.0,2016年第１四半期,未改装,,6.929418925714293
19002080,中古マンション等,,19201,山梨県,甲府市,富竹,甲府,30分?60分,３ＬＤＫ,90,,,,,ＲＣ,住宅,住宅,,,,準工業地域,60.0,200.0,2016年第１四半期,未改装,,7.301029995663981
19026944,中古マンション等,,19201,山梨県,甲府市,宮前町,甲府,13,１Ｋ,25,,,,平成5年,ＲＣ,住宅,,,,,第２種住居地域,60.0,200.0,2008年第４四半期,改装済,,6.531478917042255
19013521,中古マンション等,,19201,山梨県,甲府市,丸の内,甲府,8,３ＬＤＫ,90,,,,平成22年,ＳＲＣ,住宅,,,,,商業地域,80.0,600.0,2010年第３四半期,未改装,,7.491361693834273
19026379,中古マンション等,,19201,山梨県,甲府市,朝日,甲府,6,１Ｋ,15,,,,昭和63年,ＳＲＣ,住宅,,,,,商業地域,80.0,400.0,2007年第３四半期,未改装,,6.3979400086720375
19013577,中古マンション等,,19201,山梨県,甲府市,丸の内,甲府,11,３ＬＤＫ,70,,,,平成21年,ＲＣ,住宅,,,,,商業地域,80.0,400.0,2010年第１四半期,未改装,,7.230448921378274
19014290,中古マンション等,,19201,山梨県,甲府市,国母,国母,6,３ＬＤＫ,85,,,,平成12年,ＲＣ,住宅,,,,,第１種住居地域,60.0,200.0,2011年第２四半期,未改装,,7.113943352306837
19002661,中古マンション等,,19201,山梨県,甲府市,若松町,甲府,21,３ＬＤＫ,75,,,,平成18年,ＲＣ,住宅,,,,,商業地域,80.0,400.0,2015年第４四半期,未改装,,7.342422680822207
19013516,中古マンション等,,19201,山梨県,甲府市,丸の内,甲府,8,３ＬＤＫ,70,,,,平成22年,ＲＣ,住宅,,,,,商業地域,80.0,600.0,2010年第３四半期,未改装,,7.491361693834273
19002322,中古マンション等,,19201,山梨県,甲府市,丸の内,甲府,8,３ＬＤＫ,95,,,,平成22年,ＲＣ,住宅,住宅,,,,商業地域,80.0,600.0,2017年第４四半期,未改装,,7.556302500767288
19000138,中古マンション等,,19201,山梨県,甲府市,朝日,甲府,6,１Ｋ,15,,,,昭和63年,ＳＲＣ,住宅,その他,,,,商業地域,80.0,400.0,2019年第２四半期,未改装,,7.301029995663981
19001839,中古マンション等,,19201,山梨県,甲府市,中央,金手,5,２ＤＫ,45,,,,昭和50年,ＲＣ,住宅,住宅,,,,商業地域,80.0,400.0,2015年第１四半期,未改装,,6.176091259055681
19024015,中古マンション等,,19201,山梨県,甲府市,丸の内,甲府,9,１Ｋ,15,,,,昭和63年,ＳＲＣ,住宅,,,,,商業地域,80.0,400.0,2009年第４四半期,未改装,,6.278753600952829
19019535,中古マンション等,,19201,山梨県,甲府市,国母,国母,6,３ＬＤＫ,70,,,,平成12年,ＲＣ,住宅,,,,,第１種住居地域,60.0,200.0,2012年第３四半期,未改装,,6.954242509439325
19021602,中古マンション等,,19201,山梨県,甲府市,丸の内,甲府,9,２ＤＫ,30,,,,昭和63年,ＳＲＣ,住宅,,,,,商業地域,80.0,400.0,2013年第３四半期,未改装,,6.361727836017593
19002444,中古マンション等,,19201,山梨県,甲府市,宮前町,甲府,10,２ＤＫ,45,,,,平成5年,ＲＣ,住宅,住宅,,,,第２種住居地域,60.0,200.0,2018年第２四半期,未改装,,6.799340549453582
19002346,中古マンション等,,19201,山梨県,甲府市,丸の内,甲府,10,３ＬＤＫ,70,,,,平成19年,ＲＣ,住宅,住宅,,,,商業地域,80.0,400.0,2016年第２四半期,未改装,,7.3979400086720375
19001175,中古マンション等,,19201,山梨県,甲府市,酒折,酒折,3,１Ｋ,20,,,,平成4年,ＲＣ,住宅,住宅,,,,市街化調整区域,60.0,200.0,2018年第２四半期,未改装,,6.176091259055681
19002588,中古マンション等,,19201,山梨県,甲府市,湯村,甲府,30分?60分,３ＬＤＫ,85,,,,平成16年,ＳＲＣ,住宅,住宅,,,,商業地域,80.0,400.0,2019年第１四半期,未改装,,7.278753600952829
19013560,中古マンション等,,19201,山梨県,甲府市,丸の内,甲府,10,３ＬＤＫ,70,,,,平成21年,ＲＣ,住宅,,,,,商業地域,80.0,400.0,2010年第２四半期,改装済,,7.278753600952829
19013340,中古マンション等,,19201,山梨県,甲府市,中央,金手,6,２ＤＫ,45,,,,昭和50年,ＲＣ,住宅,,,,,商業地域,80.0,400.0,2010年第３四半期,改装済,,6.477121254719663
19013533,中古マンション等,,19201,山梨県,甲府市,丸の内,甲府,8,３ＬＤＫ,70,,,,平成22年,ＲＣ、鉄骨造,住宅,,,,,商業地域,80.0,600.0,2010年第３四半期,未改装,,7.414973347970818
19014751,中古マンション等,,19201,山梨県,甲府市,中央,甲府,16,１ＬＤＫ,45,,,,昭和50年,ＲＣ,住宅,,,,,商業地域,80.0,400.0,2011年第３四半期,未改装,,6.414973347970818
19027003,中古マンション等,,19201,山梨県,甲府市,若松町,甲府,19,２ＬＤＫ,75,,,,平成18年,ＲＣ,住宅,,,,,商業地域,80.0,400.0,2007年第４四半期,未改装,,7.462397997898956
19002352,中古マンション等,,19201,山梨県,甲府市,丸の内,甲府,4,３ＬＤＫ,95,,,,平成19年,ＲＣ,住宅,その他,,,,商業地域,80.0,600.0,2015年第４四半期,未改装,,7.531478917042255
19021610,中古マンション等,,19201,山梨県,甲府市,丸の内,甲府,9,３ＬＤＫ,75,,,,平成18年,ＲＣ,住宅,,,,,商業地域,80.0,400.0,2013年第１四半期,未改装,,7.431363764158987
19000350,中古マンション等,,19201,山梨県,甲府市,大里町,甲斐住吉,30分?60分,３ＬＤＫ,55,,,,平成4年,鉄骨造,住宅,住宅,,,,第１種中高層住居専用地域,60.0,200.0,2015年第４四半期,改装済,,6.832508912706237
19026351,中古マンション等,,19201,山梨県,甲府市,青葉町,南甲府,9,３ＬＤＫ,70,,,,平成3年,ＲＣ,住宅,,,,,準工業地域,60.0,200.0,2008年第２四半期,未改装,調停・競売等,6.832508912706237
19019505,中古マンション等,,19201,山梨県,甲府市,貢川本町,甲府,30分?60分,４ＬＤＫ,95,,,,平成16年,ＲＣ,住宅,,,,,第１種住居地域,60.0,200.0,2012年第２四半期,未改装,,7.414973347970818
19012823,中古マンション等,,19201,山梨県,甲府市,中央,金手,5,２ＤＫ,45,,,,昭和50年,ＲＣ,住宅,住宅,,,,商業地域,80.0,400.0,2014年第３四半期,改装済,,6.518513939877887
19024018,中古マンション等,,19201,山梨県,甲府市,丸の内,甲府,11,３ＬＤＫ,90,,,,平成21年,ＲＣ,住宅,,,,,商業地域,80.0,400.0,2009年第４四半期,未改装,,7.3979400086720375
19013585,中古マンション等,,19201,山梨県,甲府市,丸の内,甲府,11,３ＬＤＫ,70,,,,平成21年,ＲＣ,住宅,,,,,商業地域,80.0,400.0,2010年第１四半期,未改装,,7.2552725051033065
19019418,中古マンション等,,19201,山梨県,甲府市,伊勢,甲府,30分?60分,２ＬＤＫ,60,,,,戦前,ＲＣ,住宅,,,,,準住居地域,60.0,200.0,2012年第２四半期,未改装,,6.845098040014257
19000134,中古マンション等,,19201,山梨県,甲府市,朝日,甲府,6,１Ｒ,15,,,,昭和63年,ＳＲＣ,住宅,住宅,,,,商業地域,80.0,400.0,2020年第１四半期,未改装,,6.079181246047625
19024126,中古マンション等,,19201,山梨県,甲府市,若松町,甲府,21,３ＬＤＫ,70,,,,平成18年,ＲＣ,住宅,,,,,商業地域,80.0,400.0,2009年第３四半期,未改装,,7.204119982655925
19001669,中古マンション等,,19201,山梨県,甲府市,善光寺,善光寺,8,１Ｋ,20,,,,平成3年,鉄骨造,住宅,住宅,,,,第１種中高層住居専用地域,60.0,200.0,2017年第２四半期,改装済,,6.176091259055681
19026375,中古マンション等,,19201,山梨県,甲府市,朝日,甲府,6,１Ｋ,15,,,,昭和63年,ＳＲＣ,住宅,,,,,商業地域,80.0,600.0,2007年第４四半期,未改装,,6.342422680822207
19021468,中古マンション等,,19201,山梨県,甲府市,中央,甲府,18,１Ｋ,20,,,,平成3年,鉄骨造,住宅,,,,,商業地域,80.0,400.0,2013年第１四半期,改装済,,6.176091259055681
19013535,中古マンション等,,19201,山梨県,甲府市,丸の内,甲府,8,３ＬＤＫ,90,,,,平成22年,ＳＲＣ,住宅,,,,,商業地域,80.0,600.0,2010年第３四半期,未改装,,7.477121254719663
19014959,中古マンション等,,19201,山梨県,甲府市,丸の内,甲府,9,１Ｋ,15,,,,昭和63年,ＳＲＣ,住宅,,,,,商業地域,80.0,400.0,2011年第２四半期,未改装,,6.0
19001007,中古マンション等,,19201,山梨県,甲府市,国母,甲府,30分?60分,３ＤＫ,60,,,,昭和49年,ＲＣ,,,,,,第１種住居地域,60.0,200.0,2017年第４四半期,,,6.477121254719663
19020770,中古マンション等,,19201,山梨県,甲府市,青葉町,南甲府,15,４ＬＤＫ,70,,,,平成3年,ＲＣ,住宅,,,,,準工業地域,60.0,200.0,2013年第３四半期,,,6.698970004336019
19001825,中古マンション等,,19201,山梨県,甲府市,中央,金手,6,２ＤＫ,30,,,,平成5年,鉄骨造,住宅,住宅,,,,商業地域,80.0,400.0,2019年第４四半期,改装済,,6.681241237375588
19019753,中古マンション等,,19201,山梨県,甲府市,丸の内,甲府,4,３ＬＤＫ,75,,,,平成19年,ＲＣ,住宅,,,,,商業地域,80.0,600.0,2012年第３四半期,未改装,,7.414973347970818
19002419,中古マンション等,,19201,山梨県,甲府市,南口町,南甲府,3,３ＬＤＫ,75,,,,平成11年,ＲＣ,住宅,住宅,,,,第１種住居地域,60.0,200.0,2020年第１四半期,未改装,,7.146128035678238
19019494,中古マンション等,,19201,山梨県,甲府市,川田町,石和温泉,10,３ＬＤＫ,60,,,,平成6年,ＲＣ,住宅,,,,,市街化調整区域,70.0,400.0,2012年第４四半期,未改装,,6.977723605288848
19012567,中古マンション等,,19201,山梨県,甲府市,川田町,石和温泉,11,２ＬＤＫ,50,,,,平成6年,ＲＣ,住宅,,,,,市街化調整区域,60.0,200.0,2014年第３四半期,未改装,,7.0
19020843,中古マンション等,,19201,山梨県,甲府市,伊勢,甲府,29,２ＬＤＫ,50,,,,平成2年,ＲＣ,住宅,,,,,第１種住居地域,,,2013年第３四半期,改装済,,6.845098040014257
19001881,中古マンション等,,19201,山梨県,甲府市,中央,甲府,13,２ＬＤＫ,70,,,,平成30年,ＲＣ,住宅,住宅,,,,商業地域,80.0,600.0,2018年第４四半期,,,7.477121254719663
19013126,中古マンション等,,19201,山梨県,甲府市,酒折,酒折,10,１Ｋ,20,,,,平成2年,ＲＣ,住宅,,,,,市街化調整区域,60.0,200.0,2010年第３四半期,未改装,,5.954242509439325
19000131,中古マンション等,,19201,山梨県,甲府市,朝日,甲府,7,,15,,,,昭和63年,ＳＲＣ,住宅,住宅,,,,商業地域,80.0,400.0,2020年第１四半期,未改装,,6.204119982655925
19026547,中古マンション等,,19201,山梨県,甲府市,北口,甲府,4,１Ｋ,25,,,,昭和61年,ＳＲＣ,住宅,,,,,商業地域,80.0,600.0,2007年第２四半期,未改装,,6.544068044350276
19026537,中古マンション等,,19201,山梨県,甲府市,川田町,石和温泉,9,２ＬＤＫ,50,,,,平成6年,ＲＣ,住宅,,,,,市街化調整区域,60.0,200.0,2008年第２四半期,未改装,,6.653212513775344
19020768,中古マンション等,,19201,山梨県,甲府市,青沼,甲府,21,３ＬＤＫ,80,,,,平成18年,ＲＣ,住宅,,,,,第１種住居地域,60.0,200.0,2013年第２四半期,未改装,,7.230448921378274
19026908,中古マンション等,,19201,山梨県,甲府市,丸の内,甲府,6,１Ｋ,15,,,,昭和63年,ＳＲＣ,住宅,,,,,商業地域,80.0,400.0,2008年第３四半期,未改装,,6.230448921378274
19013512,中古マンション等,,19201,山梨県,甲府市,丸の内,甲府,8,３ＬＤＫ,80,,,,平成22年,ＲＣ,住宅,,,,,商業地域,80.0,600.0,2010年第３四半期,未改装,,7.518513939877887
19001518,中古マンション等,,19201,山梨県,甲府市,城東,善光寺,6,３ＬＤＫ,65,,,,,ＲＣ,住宅,住宅,,,,準工業地域,60.0,200.0,2016年第３四半期,改装済,,6.740362689494244
19012579,中古マンション等,,19201,山梨県,甲府市,貢川本町,甲府,30分?60分,３ＬＤＫ,70,,,,平成16年,ＲＣ,住宅,住宅,,,,第１種住居地域,60.0,200.0,2014年第４四半期,未改装,,7.2552725051033065
19000868,中古マンション等,,19201,山梨県,甲府市,北口,甲府,3,１ＤＫ,40,,,,昭和62年,ＳＲＣ,住宅,住宅,,,,商業地域,80.0,600.0,2016年第２四半期,改装済,,6.447158031342219
19000289,中古マンション等,,19201,山梨県,甲府市,伊勢,甲府,29,２ＬＤＫ,60,,,,平成2年,ＲＣ,住宅,住宅,,,,第１種住居地域,60.0,200.0,2016年第２四半期,改装済,,6.845098040014257
19002342,中古マンション等,,19201,山梨県,甲府市,丸の内,甲府,8,１Ｒ,15,,,,昭和63年,ＳＲＣ,住宅,その他,,,,商業地域,80.0,400.0,2016年第３四半期,未改装,,6.041392685158225
19000859,中古マンション等,,19201,山梨県,甲府市,北口,甲府,4,３ＬＤＫ,70,,,,平成11年,ＲＣ,住宅,住宅,,,,商業地域,80.0,400.0,2017年第３四半期,未改装,,7.2552725051033065
19001517,中古マンション等,,19201,山梨県,甲府市,城東,善光寺,5,３ＬＤＫ,65,,,,平成3年,ＲＣ,住宅,住宅,,,,準工業地域,60.0,200.0,2016年第４四半期,未改装,,6.763427993562937
19014140,中古マンション等,,19201,山梨県,甲府市,川田町,石和温泉,9,３ＤＫ,50,,,,平成6年,ＲＣ,住宅,,,,,市街化調整区域,60.0,200.0,2011年第３四半期,改装済,,6.903089986991944
19026542,中古マンション等,,19201,山梨県,甲府市,川田町,石和温泉,10,１ＬＤＫ,35,,,,平成6年,ＲＣ,住宅,,,,,市街化調整区域,60.0,200.0,2007年第４四半期,未改装,,6.8512583487190755
19014434,中古マンション等,,19201,山梨県,甲府市,下飯田,甲府,29,４ＬＤＫ,80,,,,平成19年,ＲＣ,住宅,,,,,第１種住居地域,60.0,200.0,2011年第４四半期,未改装,,7.361727836017593
19013550,中古マンション等,,19201,山梨県,甲府市,丸の内,甲府,8,２ＬＤＫ,60,,,,平成22年,ＲＣ,住宅,,,,,商業地域,80.0,600.0,2010年第３四半期,未改装,,7.301029995663981
19000872,中古マンション等,,19201,山梨県,甲府市,北口,甲府,3,１Ｋ,25,,,,昭和62年,ＳＲＣ,住宅,事務所,,,,商業地域,80.0,600.0,2015年第２四半期,改装済,,6.301029995663981
19001932,中古マンション等,,19201,山梨県,甲府市,中央,甲府,18,３ＤＫ,55,,,,昭和64年,ＳＲＣ,住宅,住宅,,,,商業地域,80.0,400.0,2016年第３四半期,未改装,,6.968482948553935
19000917,中古マンション等,,19201,山梨県,甲府市,貢川本町,甲府,30分?60分,３ＬＤＫ,70,,,,,,,住宅,,,,,,,2018年第２四半期,,,7.230448921378274
19000074,中古マンション等,,19201,山梨県,甲府市,青葉町,南甲府,6,３ＬＤＫ,70,,,,平成3年,ＲＣ,住宅,住宅,,,,準工業地域,60.0,200.0,2016年第１四半期,未改装,,6.826074802700826
19000132,中古マンション等,,19201,山梨県,甲府市,朝日,甲府,7,１Ｋ,15,,,,昭和63年,ＳＲＣ,,住宅,,,,商業地域,80.0,400.0,2020年第１四半期,未改装,,5.8750612633917
19024029,中古マンション等,,19201,山梨県,甲府市,丸の内,甲府,10,１ＤＫ,15,,,,昭和63年,ＳＲＣ,住宅,,,,,商業地域,80.0,400.0,2009年第３四半期,未改装,,6.278753600952829
19013508,中古マンション等,,19201,山梨県,甲府市,丸の内,甲府,10,３ＬＤＫ,70,,,,平成21年,ＲＣ,住宅,,,,,商業地域,80.0,400.0,2010年第３四半期,改装済,,7.278753600952829
19013553,中古マンション等,,19201,山梨県,甲府市,丸の内,甲府,9,３ＬＤＫ,70,,,,平成22年,ＲＣ,住宅,,,,,商業地域,80.0,600.0,2010年第３四半期,未改装,,7.431363764158987
19021644,中古マンション等,,19201,山梨県,甲府市,宮前町,甲府,1H30?2H,３ＬＤＫ,65,,,,平成5年,ＲＣ,住宅,,,,,第２種中高層住居専用地域,60.0,200.0,2013年第４四半期,未改装,,7.204119982655925
19013583,中古マンション等,,19201,山梨県,甲府市,丸の内,甲府,10,３ＬＤＫ,75,,,,昭和21年,ＲＣ,住宅,,,,,商業地域,80.0,400.0,2010年第１四半期,未改装,,7.342422680822207
19002449,中古マンション等,,19201,山梨県,甲府市,宮前町,甲府,11,３ＬＤＫ,65,,,,平成5年,ＲＣ,住宅,住宅,,,,第２種住居地域,60.0,200.0,2015年第２四半期,未改装,,7.079181246047625
19000837,中古マンション等,,19201,山梨県,甲府市,川田町,石和温泉,10,２ＬＤＫ,40,,,,平成6年,ＲＣ,住宅,,,,,市街化調整区域,70.0,400.0,2017年第３四半期,改装済,,6.863322860120456
19002337,中古マンション等,,19201,山梨県,甲府市,丸の内,甲府,6,３ＬＤＫ,70,,,,平成18年,ＲＣ,住宅,住宅,,,,商業地域,80.0,600.0,2017年第１四半期,未改装,,7.204119982655925
19021727,中古マンション等,,19201,山梨県,甲府市,若松町,甲府,21,３ＬＤＫ,70,,,,平成18年,ＲＣ,住宅,,,,,商業地域,80.0,400.0,2013年第２四半期,未改装,,7.3222192947339195
19012745,中古マンション等,,19201,山梨県,甲府市,朝日,甲府,8,１Ｋ,20,,,,昭和63年,ＳＲＣ,住宅,,,,,商業地域,80.0,400.0,2010年第１四半期,未改装,,5.869231719730976
19013357,中古マンション等,,19201,山梨県,甲府市,中央,甲府,18,１Ｋ,20,,,,平成5年,ＳＲＣ,住宅,,,,,商業地域,,,2010年第４四半期,改装済,,6.4623979978989565
19019495,中古マンション等,,19201,山梨県,甲府市,川田町,石和温泉,10,２ＤＫ,50,,,,平成6年,ＲＣ,住宅,,,,,市街化調整区域,,,2012年第４四半期,未改装,調停・競売等,6.447158031342219
19013554,中古マンション等,,19201,山梨県,甲府市,丸の内,甲府,10,３ＬＤＫ,85,,,,平成21年,ＲＣ,住宅,,,,,商業地域,80.0,400.0,2010年第２四半期,未改装,,7.3222192947339195
19023654,中古マンション等,,19201,山梨県,甲府市,里吉,南甲府,16,３ＬＤＫ,70,,,,平成8年,ＲＣ,住宅,,,,,準工業地域,60.0,200.0,2009年第３四半期,未改装,,7.0
19001765,中古マンション等,,19201,山梨県,甲府市,武田,甲府,6,３ＬＤＫ,75,,,,平成25年,ＲＣ,住宅,住宅,,,,商業地域,80.0,400.0,2016年第１四半期,未改装,,7.491361693834273
19001964,中古マンション等,,19201,山梨県,甲府市,長松寺町,甲府,30分?60分,３ＬＤＫ,80,,,,平成27年,ＳＲＣ,,住宅,,,,第１種中高層住居専用地域,60.0,200.0,2018年第３四半期,未改装,,7.431363764158987
19019637,中古マンション等,,19201,山梨県,甲府市,住吉,南甲府,5,,65,,,,平成2年,ＲＣ,住宅,,,,,第１種住居地域,60.0,200.0,2012年第１四半期,未改装,,6.724275869600789
19000914,中古マンション等,,19201,山梨県,甲府市,貢川本町,甲府,30分?60分,,70,,,,平成16年,ＲＣ,住宅,事務所,,,,第１種住居地域,60.0,200.0,2019年第２四半期,,,7.2552725051033065
19013575,中古マンション等,,19201,山梨県,甲府市,丸の内,甲府,11,３ＬＤＫ,75,,,,平成21年,ＲＣ,住宅,,,,,商業地域,80.0,400.0,2010年第１四半期,未改装,,7.3222192947339195
19023717,中古マンション等,,19201,山梨県,甲府市,城東,甲府,26,２ＬＤＫ,60,,,,平成5年,ＲＣ,住宅,,,,,第２種住居地域,60.0,200.0,2009年第２四半期,改装済,,6.919078092376074
19026378,中古マンション等,,19201,山梨県,甲府市,朝日,甲府,7,１Ｋ,15,,,,昭和63年,ＳＲＣ,住宅,,,,,商業地域,80.0,400.0,2007年第３四半期,,,6.380211241711606
19027001,中古マンション等,,19201,山梨県,甲府市,若松町,甲府,19,３ＬＤＫ,65,,,,平成18年,ＲＣ,住宅,,,,,商業地域,80.0,400.0,2007年第４四半期,未改装,,7.447158031342219
19013511,中古マンション等,,19201,山梨県,甲府市,丸の内,甲府,8,３ＬＤＫ,90,,,,平成22年,ＳＲＣ,住宅,,,,,商業地域,80.0,600.0,2010年第３四半期,未改装,,7.531478917042255
19013813,中古マンション等,,19201,山梨県,甲府市,朝日,甲府,8,１Ｒ,20,,,,昭和63年,ＳＲＣ,住宅,,,,,商業地域,80.0,400.0,2011年第２四半期,未改装,,6.0
19013530,中古マンション等,,19201,山梨県,甲府市,丸の内,甲府,8,３ＬＤＫ,70,,,,平成22年,ＲＣ,住宅,,,,,商業地域,80.0,600.0,2010年第３四半期,未改装,,7.462397997898956
19000869,中古マンション等,,19201,山梨県,甲府市,北口,甲府,3,３ＬＤＫ,45,,,,平成8年,ＳＲＣ,住宅,住宅,,,,商業地域,80.0,400.0,2015年第４四半期,未改装,,6.944482672150168
19002302,中古マンション等,,19201,山梨県,甲府市,丸の内,甲府,8,３ＬＤＫ,90,,,,平成22年,ＲＣ,住宅,住宅,,,,商業地域,80.0,600.0,2019年第３四半期,改装済,,7.556302500767288
19012743,中古マンション等,,19201,山梨県,甲府市,朝日,甲府,8,１Ｋ,15,,,,昭和63年,ＳＲＣ,住宅,,,,,商業地域,80.0,400.0,2010年第１四半期,改装済,,6.230448921378274
19013031,中古マンション等,,19201,山梨県,甲府市,南口町,南甲府,2,３ＬＤＫ,75,,,,平成11年,ＲＣ,住宅,住宅,,,,第１種住居地域,60.0,200.0,2014年第３四半期,未改装,,7.041392685158225
19002035,中古マンション等,,19201,山梨県,甲府市,徳行,甲府,30分?60分,４ＬＤＫ,80,,,,平成20年,ＲＣ,住宅,住宅,,,,準工業地域,60.0,200.0,2015年第３四半期,未改装,,7.342422680822207
19012748,中古マンション等,,19201,山梨県,甲府市,朝日,甲府,8,１Ｋ,20,,,,昭和63年,ＳＲＣ,住宅,,,,,商業地域,80.0,400.0,2010年第１四半期,改装済,,6.176091259055681
19000813,中古マンション等,,19201,山梨県,甲府市,川田町,石和温泉,10,３ＬＤＫ,85,,,,平成6年,ＳＲＣ,住宅,住宅,,,,市街化調整区域,70.0,400.0,2020年第１四半期,未改装,,7.113943352306837
19014746,中古マンション等,,19201,山梨県,甲府市,中央,甲府,16,１Ｋ,20,,,,平成5年,ＳＲＣ,住宅,,,,,商業地域,80.0,600.0,2011年第４四半期,未改装,,6.4623979978989565
19000155,中古マンション等,,19201,山梨県,甲府市,朝日,甲府,7,１Ｋ,15,,,,昭和63年,ＳＲＣ,住宅,住宅,,,,商業地域,80.0,400.0,2016年第４四半期,未改装,,6.204119982655925
19013011,中古マンション等,,19201,山梨県,甲府市,丸の内,甲府,3,３ＬＤＫ,85,,,,平成18年,ＲＣ,住宅,,,,,商業地域,80.0,600.0,2014年第１四半期,改装済,,7.505149978319906
19027002,中古マンション等,,19201,山梨県,甲府市,若松町,甲府,19,２ＬＤＫ,60,,,,平成18年,ＲＣ,住宅,,,,,商業地域,80.0,400.0,2007年第４四半期,未改装,,7.414973347970818
19026793,中古マンション等,,19201,山梨県,甲府市,中央,甲府,16,１Ｋ,15,,,,平成5年,ＳＲＣ,住宅,,,,,商業地域,80.0,600.0,2008年第３四半期,未改装,,6.4623979978989565
19000864,中古マンション等,,19201,山梨県,甲府市,北口,甲府,4,３ＬＤＫ,70,,,,平成11年,ＲＣ,住宅,住宅,,,,商業地域,80.0,400.0,2016年第３四半期,未改装,,7.2552725051033065
19001169,中古マンション等,,19201,山梨県,甲府市,幸町,南甲府,8,３ＬＤＫ,70,,,,平成17年,ＲＣ,住宅,住宅,,,,準工業地域,60.0,200.0,2015年第４四半期,未改装,,7.301029995663981
19000174,中古マンション等,,19201,山梨県,甲府市,朝日,甲府,9,３ＬＤＫ,70,,,,平成15年,ＳＲＣ,住宅,住宅,,,,商業地域,80.0,400.0,2015年第１四半期,未改装,,7.342422680822207
19002306,中古マンション等,,19201,山梨県,甲府市,丸の内,甲府,7,３ＬＤＫ,75,,,,平成18年,ＲＣ,住宅,住宅,,,,商業地域,80.0,600.0,2019年第１四半期,改装済,,7.278753600952829
19001357,中古マンション等,,19201,山梨県,甲府市,下石田,甲府,30分?60分,３ＬＤＫ,70,,,,平成10年,ＲＣ,住宅,住宅,,,,第１種住居地域,60.0,200.0,2016年第２四半期,未改装,,7.0
19002296,中古マンション等,,19201,山梨県,甲府市,丸の内,甲府,10,３ＬＤＫ,75,,,,平成19年,ＲＣ,,,,,,商業地域,80.0,400.0,2020年第１四半期,未改装,,6.278753600952829
19000062,中古マンション等,,19201,山梨県,甲府市,青葉町,南甲府,15,３ＬＤＫ,70,,,,,,,住宅,,,,,,,2019年第２四半期,,,6.819543935541868
19019468,中古マンション等,,19201,山梨県,甲府市,上石田,甲府,30分?60分,４ＬＤＫ,90,,,,昭和63年,ＲＣ,住宅,,,,,第１種住居地域,60.0,200.0,2012年第３四半期,未改装,,7.176091259055681
19002328,中古マンション等,,19201,山梨県,甲府市,丸の内,甲府,4,３ＬＤＫ,75,,,,平成19年,ＲＣ,住宅,住宅,,,,商業地域,80.0,600.0,2017年第３四半期,未改装,,7.491361693834273
19002655,中古マンション等,,19201,山梨県,甲府市,若松町,甲府,20,２ＬＤＫ,65,,,,平成18年,ＲＣ,住宅,住宅,,,,商業地域,80.0,400.0,2018年第４四半期,未改装,,7.301029995663981
19027004,中古マンション等,,19201,山梨県,甲府市,若松町,甲府,25,３ＬＤＫ,70,,,,平成18年,ＲＣ,住宅,,,,,商業地域,80.0,400.0,2007年第３四半期,未改装,,7.3979400086720375
19012826,中古マンション等,,19201,山梨県,甲府市,中央,金手,4,２ＤＫ,45,,,,昭和50年,ＳＲＣ,住宅,,,,,商業地域,80.0,400.0,2014年第１四半期,改装済,,6.491361693834273
19023140,中古マンション等,,19201,山梨県,甲府市,青葉町,南甲府,9,３ＬＤＫ,75,,,,平成3年,ＲＣ,住宅,,,,,準工業地域,60.0,200.0,2009年第１四半期,改装済,,6.991226075692495
19000070,中古マンション等,,19201,山梨県,甲府市,青葉町,南甲府,13,３ＬＤＫ,70,,,,平成3年,ＲＣ,住宅,住宅,,,,準工業地域,60.0,200.0,2017年第１四半期,改装済,,7.0
19001913,中古マンション等,,19201,山梨県,甲府市,中央,甲府,16,３ＤＫ,55,,,,昭和64年,ＳＲＣ,住宅,住宅,,,,商業地域,80.0,400.0,2017年第３四半期,改装済,,6.959041392321094
19023485,中古マンション等,,19201,山梨県,甲府市,国母,国母,30分?60分,２ＬＤＫ,60,,,,昭和49年,ＲＣ,住宅,,,,,第１種住居地域,60.0,200.0,2009年第１四半期,未改装,調停・競売等,6.278753600952829
19019642,中古マンション等,,19201,山梨県,甲府市,善光寺,善光寺,8,１Ｋ,15,,,,平成3年,鉄骨造,住宅,,,,,第１種中高層住居専用地域,60.0,200.0,2012年第２四半期,未改装,,5.929418925714293
19000166,中古マンション等,,19201,山梨県,甲府市,朝日,甲府,8,１Ｋ,20,,,,,ＳＲＣ,住宅,住宅,,,,商業地域,80.0,400.0,2015年第４四半期,,,6.301029995663981
19001043,中古マンション等,,19201,山梨県,甲府市,国母,国母,5,３ＬＤＫ,80,,,,平成12年,ＲＣ,,住宅,,,,第１種住居地域,60.0,200.0,2018年第２四半期,改装済,,7.278753600952829
19000161,中古マンション等,,19201,山梨県,甲府市,朝日,甲府,7,１ＤＫ,15,,,,昭和63年,ＳＲＣ,住宅,その他,,,,商業地域,80.0,400.0,2016年第２四半期,未改装,,6.0
19013549,中古マンション等,,19201,山梨県,甲府市,丸の内,甲府,9,４ＬＤＫ,80,,,,平成22年,ＲＣ,住宅,,,,,商業地域,80.0,600.0,2010年第３四半期,未改装,,7.431363764158987
19013811,中古マンション等,,19201,山梨県,甲府市,朝日,甲府,5,１Ｋ,15,,,,昭和63年,ＳＲＣ,住宅,,,,,商業地域,80.0,400.0,2011年第４四半期,改装済,,6.2552725051033065
19000140,中古マンション等,,19201,山梨県,甲府市,朝日,甲府,6,１Ｋ,15,,,,昭和63年,ＳＲＣ,,住宅,,,,商業地域,80.0,400.0,2019年第２四半期,未改装,,6.176091259055681
19002300,中古マンション等,,19201,山梨県,甲府市,丸の内,甲府,10,３ＬＤＫ,70,,,,平成19年,ＲＣ,住宅,住宅,,,,商業地域,80.0,400.0,2019年第４四半期,未改装,,7.230448921378274
19013588,中古マンション等,,19201,山梨県,甲府市,丸の内,甲府,10,３ＬＤＫ,75,,,,平成19年,ＲＣ,住宅,,,,,商業地域,80.0,400.0,2010年第１四半期,未改装,,7.204119982655925
19026720,中古マンション等,,19201,山梨県,甲府市,城東,善光寺,6,２ＤＫ,40,,,,平成3年,ＲＣ,住宅,,,,,準工業地域,60.0,200.0,2008年第３四半期,改装済,,6.832508912706237
19026945,中古マンション等,,19201,山梨県,甲府市,宮前町,甲府,11,３ＬＤＫ,55,,,,平成5年,ＲＣ,住宅,,,,,第２種住居地域,60.0,200.0,2008年第２四半期,未改装,調停・競売等,6.838849090737256
19012569,中古マンション等,,19201,山梨県,甲府市,川田町,石和温泉,10,１ＤＫ,40,,,,,ＲＣ,住宅,,,,,市街化調整区域,,,2014年第１四半期,未改装,調停・競売等,6.505149978319906
19026367,中古マンション等,,19201,山梨県,甲府市,朝日,甲府,8,１Ｋ,15,,,,昭和63年,ＳＲＣ,住宅,,,,,商業地域,80.0,400.0,2008年第４四半期,改装済,,6.301029995663981
19001004,中古マンション等,,19201,山梨県,甲府市,国母,甲府,30分?60分,２ＬＤＫ,55,,,,昭和49年,ＲＣ,住宅,住宅,,,,第１種住居地域,60.0,200.0,2018年第１四半期,未改装,,6.6020599913279625
19026636,中古マンション等,,19201,山梨県,甲府市,酒折,酒折,11,４ＤＫ,60,,,,平成5年,ＲＣ,住宅,,,,,市街化調整区域,60.0,200.0,2008年第３四半期,未改装,,6.763427993562937
19019504,中古マンション等,,19201,山梨県,甲府市,貢川本町,甲府,30分?60分,２ＬＤＫ,75,,,,平成16年,ＲＣ,住宅,,,,,第１種住居地域,60.0,200.0,2012年第３四半期,改装済,,7.146128035678238
19001728,中古マンション等,,19201,山梨県,甲府市,宝,甲府,13,３ＬＤＫ,95,,,,平成19年,ＲＣ,住宅,住宅,,,,第２種住居地域,60.0,200.0,2019年第３四半期,未改装,,7.518513939877887
19001189,中古マンション等,,19201,山梨県,甲府市,酒折,酒折,3,１Ｋ,20,,,,平成4年,ＲＣ,住宅,,,,,市街化調整区域,60.0,200.0,2016年第４四半期,未改装,,6.0
19021242,中古マンション等,,19201,山梨県,甲府市,下石田,甲府,30分?60分,３ＬＤＫ,70,,,,戦前,ＲＣ,住宅,,,,,第１種住居地域,60.0,200.0,2013年第１四半期,未改装,調停・競売等,7.146128035678238
19014491,中古マンション等,,19201,山梨県,甲府市,城東,甲府,26,３ＬＤＫ,70,,,,平成6年,ＲＣ,住宅,,,,,第２種住居地域,60.0,200.0,2011年第４四半期,未改装,,6.903089986991944
19012780,中古マンション等,,19201,山梨県,甲府市,高畑,甲府,30分?60分,３ＬＤＫ,100,,,,平成18年,ＲＣ,住宅,住宅,,,,第１種住居地域,60.0,200.0,2014年第１四半期,未改装,,7.361727836017593
19013547,中古マンション等,,19201,山梨県,甲府市,丸の内,甲府,8,３ＬＤＫ,95,,,,平成22年,ＲＣ,住宅,,,,,商業地域,80.0,600.0,2010年第３四半期,未改装,,7.477121254719663
19026914,中古マンション等,,19201,山梨県,甲府市,丸の内,甲府,8,１Ｋ,15,,,,昭和63年,ＳＲＣ,住宅,,,,,商業地域,80.0,400.0,2008年第１四半期,,,6.3979400086720375
19026916,中古マンション等,,19201,山梨県,甲府市,丸の内,甲府,7,２Ｋ,30,,,,昭和63年,ＳＲＣ,住宅,,,,,商業地域,80.0,400.0,2007年第３四半期,未改装,,6.623249290397901
19002060,中古マンション等,,19201,山梨県,甲府市,富竹,甲府,30分?60分,３ＬＤＫ,75,,,,平成19年,ＳＲＣ,住宅,住宅,,,,準工業地域,60.0,200.0,2019年第１四半期,未改装,,7.342422680822207
19026943,中古マンション等,,19201,山梨県,甲府市,宮前町,甲府,11,２ＤＫ,45,,,,平成5年,ＲＣ,住宅,,,,,第２種住居地域,60.0,200.0,2008年第４四半期,改装済,,6.954242509439325
19012735,中古マンション等,,19201,山梨県,甲府市,朝日,甲府,8,１Ｋ,15,,,,昭和63年,ＳＲＣ,住宅,,,,,商業地域,80.0,400.0,2010年第２四半期,未改装,,5.8061799739838875
19021402,中古マンション等,,19201,山梨県,甲府市,武田,甲府,5,３ＬＤＫ,70,,,,平成14年,ＲＣ,住宅,,,,,第２種住居地域,60.0,200.0,2013年第３四半期,未改装,,7.2552725051033065
19013116,中古マンション等,,19201,山梨県,甲府市,若松町,甲府,21,４ＬＤＫ,85,,,,平成18年,ＲＣ,住宅,その他,,,,商業地域,80.0,400.0,2014年第４四半期,,調停・競売等,7.204119982655925
19023422,中古マンション等,,19201,山梨県,甲府市,国母,甲府,30分?60分,３ＬＤＫ,60,,,,昭和49年,ＲＣ,住宅,,,,,第１種住居地域,60.0,200.0,2009年第２四半期,未改装,,6.361727836017593
19014381,中古マンション等,,19201,山梨県,甲府市,里吉,南甲府,15,３ＬＤＫ,60,,,,平成8年,ＲＣ,住宅,,,,,第２種中高層住居専用地域,60.0,200.0,2011年第１四半期,改装済,,7.041392685158225
19013559,中古マンション等,,19201,山梨県,甲府市,丸の内,甲府,10,３ＬＤＫ,70,,,,平成21年,ＲＣ,住宅,,,,,商業地域,80.0,400.0,2010年第２四半期,未改装,,7.2552725051033065
19000863,中古マンション等,,19201,山梨県,甲府市,北口,甲府,3,１Ｋ,25,,,,昭和62年,ＳＲＣ,住宅,住宅,,,,商業地域,80.0,600.0,2016年第３四半期,未改装,,6.301029995663981
19002362,中古マンション等,,19201,山梨県,甲府市,丸の内,酒折,8,１Ｋ,20,,,,平成4年,ＲＣ,住宅,住宅,,,,市街化調整区域,60.0,200.0,2016年第２四半期,,,6.2552725051033065
19002354,中古マンション等,,19201,山梨県,甲府市,丸の内,甲府,21,４ＬＤＫ,80,,,,平成18年,ＲＣ,住宅,その他,,,,商業地域,80.0,400.0,2015年第３四半期,改装済,,7.380211241711606
19001679,中古マンション等,,19201,山梨県,甲府市,善光寺,善光寺,8,１Ｋ,15,,,,平成3年,鉄骨造,住宅,その他,,,,第１種中高層住居専用地域,60.0,200.0,2016年第１四半期,未改装,,5.812913356642856
19014016,中古マンション等,,19201,山梨県,甲府市,上石田,甲府,30分?60分,５ＬＤＫ,85,,,,平成6年,ＲＣ,住宅,,,,,第１種住居地域,60.0,200.0,2011年第３四半期,未改装,,7.146128035678238
19019677,中古マンション等,,19201,山梨県,甲府市,中央,甲府,18,１Ｋ,15,,,,平成3年,鉄骨造,住宅,,,,,商業地域,80.0,400.0,2012年第２四半期,改装済,,6.041392685158225
19001606,中古マンション等,,19201,山梨県,甲府市,住吉,南甲府,4,３ＬＤＫ,55,,,,平成2年,ＲＣ,住宅,住宅,,,,第１種住居地域,60.0,200.0,2019年第１四半期,改装済,,6.812913356642856
19026346,中古マンション等,,19201,山梨県,甲府市,青葉町,南甲府,7,３ＬＤＫ,75,,,,平成3年,ＲＣ,住宅,,,,,準工業地域,60.0,200.0,2008年第４四半期,未改装,,6.903089986991944
19001001,中古マンション等,,19201,山梨県,甲府市,国母,甲府,30分?60分,４ＬＤＫ,90,,,,平成20年,ＲＣ,住宅,住宅,,,,第２種住居地域,60.0,200.0,2018年第４四半期,未改装,,7.278753600952829
19001598,中古マンション等,,19201,山梨県,甲府市,住吉,南甲府,6,３ＬＤＫ,65,,,,平成2年,ＲＣ,住宅,住宅,,,,第１種住居地域,60.0,200.0,2020年第１四半期,改装済,,6.799340549453582
19023423,中古マンション等,,19201,山梨県,甲府市,国母,甲府,30分?60分,４ＬＤＫ,85,,,,平成10年,ＲＣ,住宅,,,,,第１種住居地域,60.0,200.0,2009年第１四半期,未改装,,7.230448921378274
19026603,中古マンション等,,19201,山梨県,甲府市,国母,国母,6,３ＬＤＫ,70,,,,平成12年,ＲＣ,住宅,,,,,第１種住居地域,60.0,200.0,2007年第４四半期,未改装,,7.146128035678238
19026654,中古マンション等,,19201,山梨県,甲府市,里吉,南甲府,19,３ＬＤＫ,70,,,,平成8年,ＲＣ,住宅,,,,,準工業地域,60.0,200.0,2008年第２四半期,未改装,調停・競売等,6.9084850188786495
19026354,中古マンション等,,19201,山梨県,甲府市,青葉町,南甲府,6,４ＬＤＫ,70,,,,平成3年,ＲＣ,住宅,,,,,準工業地域,60.0,200.0,2007年第２四半期,改装済,,6.778151250383644
19001358,中古マンション等,,19201,山梨県,甲府市,下石田,甲府,30分?60分,３ＬＤＫ,70,,,,平成10年,ＲＣ,住宅,住宅,,,,第１種住居地域,60.0,200.0,2016年第２四半期,未改装,,7.113943352306837
19014646,中古マンション等,,19201,山梨県,甲府市,宝,甲府,13,３ＬＤＫ,70,,,,平成19年,ＲＣ,住宅,,,,,第２種住居地域,60.0,200.0,2011年第１四半期,未改装,,7.342422680822207
19013590,中古マンション等,,19201,山梨県,甲府市,丸の内,甲府,10,１ＤＫ,30,,,,昭和63年,ＳＲＣ,住宅,,,,,商業地域,80.0,400.0,2010年第１四半期,,,6.380211241711606
19002423,中古マンション等,,19201,山梨県,甲府市,南口町,南甲府,3,３ＬＤＫ,75,,,,平成11年,ＲＣ,住宅,住宅,,,,第１種住居地域,60.0,200.0,2017年第２四半期,改装済,,7.146128035678238
19001933,中古マンション等,,19201,山梨県,甲府市,中央,甲府,16,１Ｋ,15,,,,平成5年,ＳＲＣ,住宅,住宅,,,,商業地域,80.0,600.0,2016年第３四半期,未改装,,6.230448921378274
19001947,中古マンション等,,19201,山梨県,甲府市,中央,甲府,16,１ＤＫ,30,,,,平成5年,ＳＲＣ,住宅,住宅,,,,商業地域,80.0,600.0,2015年第４四半期,改装済,,6.740362689494244
19000838,中古マンション等,,19201,山梨県,甲府市,川田町,石和温泉,10,２ＤＫ,40,,,,平成6年,ＲＣ,住宅,住宅,,,,市街化調整区域,70.0,400.0,2017年第３四半期,未改装,,6.845098040014257
19026534,中古マンション等,,19201,山梨県,甲府市,川田町,石和温泉,17,１Ｋ,25,,,,平成6年,ＲＣ,住宅,,,,,市街化調整区域,70.0,400.0,2008年第４四半期,未改装,,6.3979400086720375
19019381,中古マンション等,,19201,山梨県,甲府市,朝日,甲府,9,３ＬＤＫ,65,,,,平成15年,ＲＣ,住宅,,,,,商業地域,80.0,400.0,2012年第４四半期,未改装,,7.230448921378274
19012827,中古マンション等,,19201,山梨県,甲府市,中央,金手,4,２ＤＫ,45,,,,昭和50年,ＳＲＣ,住宅,,,,,商業地域,80.0,400.0,2014年第１四半期,改装済,,6.491361693834273
19013545,中古マンション等,,19201,山梨県,甲府市,丸の内,甲府,9,３ＬＤＫ,95,,,,平成22年,ＲＣ,住宅,,,,,商業地域,80.0,600.0,2010年第３四半期,,,7.568201724066995
19023683,中古マンション等,,19201,山梨県,甲府市,下石田,甲府,30分?60分,４ＬＤＫ,80,,,,平成10年,ＲＣ,住宅,,,,,第１種住居地域,60.0,200.0,2009年第４四半期,未改装,調停・競売等,6.973127853599698
19000004,中古マンション等,,19201,山梨県,甲府市,相生,甲府,14,３ＬＤＫ,75,,,,平成31年,ＲＣ,住宅,住宅,,,,商業地域,80.0,400.0,2019年第４四半期,未改装,,7.491361693834273
19012571,中古マンション等,,19201,山梨県,甲府市,北口,甲府,3,３ＤＫ,55,,,,平成8年,ＳＲＣ,住宅,住宅,,,,商業地域,80.0,400.0,2014年第３四半期,改装済,,7.146128035678238
19026588,中古マンション等,,19201,山梨県,甲府市,国母,甲府,30分?60分,３ＬＤＫ,80,,,,平成10年,ＲＣ,住宅,,,,,第１種住居地域,60.0,200.0,2008年第３四半期,改装済,,7.146128035678238
19001934,中古マンション等,,19201,山梨県,甲府市,中央,甲府,18,１Ｋ,20,,,,平成5年,ＳＲＣ,住宅,住宅,,,,商業地域,80.0,600.0,2016年第３四半期,未改装,,6.278753600952829
19012747,中古マンション等,,19201,山梨県,甲府市,住吉,南甲府,5,２ＬＤＫ,55,,,,平成2年,ＲＣ,住宅,,,,,第１種住居地域,60.0,200.0,2014年第１四半期,改装済,,6.845098040014257
19013562,中古マンション等,,19201,山梨県,甲府市,丸の内,甲府,8,２ＬＤＫ,60,,,,平成22年,ＲＣ,住宅,,,,,商業地域,80.0,600.0,2010年第２四半期,未改装,,7.230448921378274
19019762,中古マンション等,,19201,山梨県,甲府市,丸の内,甲府,9,３ＬＤＫ,75,,,,平成18年,ＲＣ,住宅,,,,,商業地域,,,2012年第１四半期,未改装,,7.414973347970818
19001677,中古マンション等,,19201,山梨県,甲府市,善光寺,善光寺,8,１Ｋ,15,,,,平成3年,鉄骨造,住宅,住宅,,,,第１種中高層住居専用地域,60.0,200.0,2016年第１四半期,未改装,,5.778151250383644
19014756,中古マンション等,,19201,山梨県,甲府市,中央,甲府,16,１Ｋ,20,,,,平成5年,ＳＲＣ,住宅,,,,,商業地域,80.0,600.0,2011年第１四半期,改装済,,6.477121254719663
19002313,中古マンション等,,19201,山梨県,甲府市,丸の内,甲府,8,１Ｋ,15,,,,昭和63年,ＳＲＣ,住宅,住宅,,,,商業地域,80.0,400.0,2018年第３四半期,未改装,,6.653212513775344
19002297,中古マンション等,,19201,山梨県,甲府市,丸の内,甲府,4,３ＬＤＫ,80,,,,平成19年,ＲＣ,住宅,住宅,,,,商業地域,80.0,600.0,2020年第１四半期,未改装,,7.505149978319906
19013812,中古マンション等,,19201,山梨県,甲府市,朝日,甲府,8,１Ｋ,15,,,,昭和63年,ＳＲＣ,住宅,,,,,商業地域,80.0,400.0,2011年第４四半期,未改装,,6.113943352306837
19021346,中古マンション等,,19201,山梨県,甲府市,善光寺,善光寺,8,１Ｋ,15,,,,平成3年,鉄骨造,住宅,,,,,第１種中高層住居専用地域,60.0,200.0,2013年第３四半期,改装済,,6.041392685158225
19014144,中古マンション等,,19201,山梨県,甲府市,川田町,石和温泉,10,１ＤＫ,35,,,,平成6年,ＲＣ,住宅,,,,,市街化調整区域,,,2011年第１四半期,未改装,,6.3979400086720375
19013607,中古マンション等,,19201,山梨県,甲府市,南口町,南甲府,2,３ＬＤＫ,75,,,,平成11年,ＲＣ,住宅,,,,,第１種住居地域,60.0,200.0,2010年第３四半期,改装済,,7.113943352306837
19001864,中古マンション等,,19201,山梨県,甲府市,中央,甲府,18,１Ｋ,15,,,,平成3年,鉄骨造,住宅,住宅,,,,商業地域,80.0,400.0,2019年第４四半期,未改装,,6.113943352306837
19026750,中古マンション等,,19201,山梨県,甲府市,善光寺,甲府,30分?60分,１Ｋ,15,,,,平成3年,鉄骨造,住宅,,,,,第１種中高層住居専用地域,60.0,200.0,2007年第２四半期,未改装,,5.778151250383644
19012828,中古マンション等,,19201,山梨県,甲府市,中央,金手,4,２ＤＫ,45,,,,昭和50年,ＳＲＣ,住宅,,,,,商業地域,80.0,400.0,2014年第１四半期,未改装,,6.447158031342219
19013592,中古マンション等,,19201,山梨県,甲府市,丸の内,甲府,10,３ＬＤＫ,70,,,,平成21年,ＲＣ,住宅,,,,,商業地域,80.0,400.0,2010年第１四半期,改装済,,7.3222192947339195
19013566,中古マンション等,,19201,山梨県,甲府市,丸の内,甲府,9,３ＬＤＫ,100,,,,平成22年,ＲＣ,住宅,,,,,商業地域,80.0,600.0,2010年第２四半期,改装済,,7.491361693834273
19026999,中古マンション等,,19201,山梨県,甲府市,若松町,甲府,21,３ＬＤＫ,95,,,,平成18年,ＲＣ,住宅,,,,,商業地域,80.0,400.0,2008年第３四半期,未改装,,7.477121254719663
19026905,中古マンション等,,19201,山梨県,甲府市,丸の内,甲府,9,１Ｋ,15,,,,昭和63年,ＳＲＣ,住宅,,,,,商業地域,80.0,400.0,2008年第４四半期,改装済,,6.301029995663981
19012830,中古マンション等,,19201,山梨県,甲府市,大里町,甲斐住吉,30分?60分,３ＬＤＫ,55,,,,平成4年,鉄骨造,住宅,,,,,第１種中高層住居専用地域,60.0,200.0,2010年第３四半期,未改装,,6.863322860120456
19012702,中古マンション等,,19201,山梨県,甲府市,青沼,南甲府,14,３ＬＤＫ,70,,,,平成18年,ＲＣ,住宅,,,,,第１種住居地域,60.0,200.0,2010年第３四半期,未改装,,7.146128035678238
19001835,中古マンション等,,19201,山梨県,甲府市,中央,金手,5,２ＤＫ,45,,,,昭和50年,ＳＲＣ,住宅,事務所,,,,商業地域,80.0,400.0,2015年第４四半期,未改装,,6.623249290397901
19000564,中古マンション等,,19201,山梨県,甲府市,上石田,甲府,30分?60分,３ＬＤＫ,60,,,,昭和64年,ＳＲＣ,,,,,,第１種住居地域,60.0,200.0,2019年第４四半期,改装済,,6.9344984512435675
19001345,中古マンション等,,19201,山梨県,甲府市,下飯田,甲府,30分?60分,３ＬＤＫ,70,,,,平成19年,ＲＣ,住宅,住宅,,,,第１種住居地域,60.0,200.0,2015年第３四半期,未改装,,7.361727836017593
19013517,中古マンション等,,19201,山梨県,甲府市,丸の内,甲府,8,３ＬＤＫ,95,,,,平成22年,ＲＣ,住宅,,,,,商業地域,80.0,600.0,2010年第３四半期,改装済,,7.5910646070264995
19000851,中古マンション等,,19201,山梨県,甲府市,北口,甲府,4,３ＬＤＫ,75,,,,平成11年,ＲＣ,,住宅,,,,商業地域,80.0,400.0,2019年第２四半期,未改装,,7.301029995663981
19000922,中古マンション等,,19201,山梨県,甲府市,貢川本町,甲府,30分?60分,３ＬＤＫ,75,,,,平成16年,ＲＣ,住宅,住宅,,,,第１種住居地域,60.0,200.0,2015年第１四半期,未改装,,7.278753600952829
19002424,中古マンション等,,19201,山梨県,甲府市,南口町,南甲府,3,３ＬＤＫ,75,,,,平成11年,ＲＣ,住宅,住宅,,,,第１種住居地域,60.0,200.0,2017年第２四半期,改装済,,7.176091259055681
19013574,中古マンション等,,19201,山梨県,甲府市,丸の内,甲府,11,４ＬＤＫ,90,,,,平成21年,ＲＣ,住宅,,,,,商業地域,80.0,400.0,2010年第１四半期,改装済,,7.414973347970818
19026717,中古マンション等,,19201,山梨県,甲府市,城東,甲府,26,２ＬＤＫ,60,,,,平成5年,ＲＣ,住宅,,,,,第２種住居地域,60.0,200.0,2008年第１四半期,改装済,,6.913813852383717
19019641,中古マンション等,,19201,山梨県,甲府市,善光寺,善光寺,7,１ＤＫ,15,,,,平成3年,鉄骨造,住宅,,,,,第１種中高層住居専用地域,60.0,200.0,2012年第２四半期,,,5.845098040014257
19013888,中古マンション等,,19201,山梨県,甲府市,伊勢,甲府,30分?60分,３ＬＤＫ,65,,,,平成2年,ＲＣ,住宅,,,,,第１種住居地域,60.0,200.0,2011年第１四半期,改装済,,6.698970004336019
19012565,中古マンション等,,19201,山梨県,甲府市,川田町,石和温泉,10,３ＤＫ,50,,,,平成6年,ＲＣ,住宅,住宅,,,,市街化調整区域,,,2014年第４四半期,未改装,,7.342422680822207
19013536,中古マンション等,,19201,山梨県,甲府市,丸の内,甲府,8,３ＬＤＫ,105,,,,平成22年,ＲＣ、鉄骨造,住宅,,,,,商業地域,80.0,600.0,2010年第３四半期,,,7.5910646070264995
19013529,中古マンション等,,19201,山梨県,甲府市,丸の内,甲府,8,３ＬＤＫ,70,,,,平成22年,ＲＣ,住宅,,,,,商業地域,80.0,600.0,2010年第３四半期,改装済,,7.447158031342219
19001165,中古マンション等,,19201,山梨県,甲府市,幸町,南甲府,8,,65,,,,,ＲＣ,住宅,住宅,,,,工業地域,,,2016年第３四半期,,,7.079181246047625
19013524,中古マンション等,,19201,山梨県,甲府市,丸の内,甲府,8,３ＬＤＫ,80,,,,平成22年,ＲＣ,住宅,,,,,商業地域,80.0,600.0,2010年第３四半期,未改装,,7.518513939877887
19000826,中古マンション等,,19201,山梨県,甲府市,川田町,石和温泉,10,３ＬＤＫ,85,,,,平成6年,ＲＣ,住宅,住宅,,,,市街化調整区域,70.0,400.0,2018年第４四半期,,,7.146128035678238
19014161,中古マンション等,,19201,山梨県,甲府市,北口,甲府,3,３ＬＤＫ,70,,,,平成11年,ＲＣ,住宅,,,,,商業地域,80.0,400.0,2011年第２四半期,改装済,,7.204119982655925
19000286,中古マンション等,,19201,山梨県,甲府市,伊勢,甲府,29,３ＬＤＫ,60,,,,平成2年,ＲＣ,住宅,住宅,,,,第１種住居地域,60.0,200.0,2017年第４四半期,未改装,,6.968482948553935
19021347,中古マンション等,,19201,山梨県,甲府市,善光寺,善光寺,8,１Ｒ,15,,,,平成3年,鉄骨造,住宅,,,,,第１種中高層住居専用地域,60.0,200.0,2013年第３四半期,未改装,,6.041392685158225
19020797,中古マンション等,,19201,山梨県,甲府市,朝日,甲府,7,１Ｋ,15,,,,昭和63年,ＳＲＣ,住宅,,,,,商業地域,80.0,400.0,2013年第４四半期,未改装,,6.204119982655925
19021057,中古マンション等,,19201,山梨県,甲府市,川田町,石和温泉,10,３ＬＤＫ,50,,,,平成6年,ＲＣ,住宅,,,,,市街化調整区域,,,2013年第１四半期,改装済,,6.785329835010767
19013546,中古マンション等,,19201,山梨県,甲府市,丸の内,甲府,9,３ＬＤＫ,70,,,,平成22年,ＲＣ,住宅,,,,,商業地域,80.0,600.0,2010年第３四半期,未改装,,7.380211241711606
19026660,中古マンション等,,19201,山梨県,甲府市,里吉,南甲府,15,３ＬＤＫ,70,,,,平成8年,ＲＣ,住宅,,,,,準工業地域,60.0,200.0,2007年第４四半期,未改装,,6.886490725172482
19012501,中古マンション等,,19201,山梨県,甲府市,大里町,国母,26,２ＬＤＫ,65,,,,平成6年,ＲＣ,住宅,住宅,,,,第２種中高層住居専用地域,60.0,200.0,2014年第２四半期,改装済,,7.2552725051033065
19000175,中古マンション等,,19201,山梨県,甲府市,朝日,甲府,9,３ＬＤＫ,65,,,,平成15年,ＲＣ,住宅,住宅,,,,商業地域,80.0,400.0,2015年第１四半期,未改装,,7.230448921378274
19019756,中古マンション等,,19201,山梨県,甲府市,丸の内,甲府,9,１Ｋ,15,,,,昭和63年,ＳＲＣ,住宅,,,,,商業地域,80.0,400.0,2012年第２四半期,未改装,,6.079181246047625
19024028,中古マンション等,,19201,山梨県,甲府市,丸の内,甲府,5,２ＬＤＫ,65,,,,平成19年,ＲＣ,住宅,,,,,商業地域,80.0,600.0,2009年第３四半期,未改装,,7.3222192947339195
19002020,中古マンション等,,19201,山梨県,甲府市,徳行,甲府,30分?60分,３ＬＤＫ,70,,,,平成19年,ＲＣ,住宅,住宅,,,,準工業地域,60.0,200.0,2018年第２四半期,未改装,,7.278753600952829
19019760,中古マンション等,,19201,山梨県,甲府市,丸の内,甲府,9,１Ｋ,15,,,,昭和63年,ＳＲＣ,住宅,,,,,商業地域,80.0,400.0,2012年第１四半期,未改装,,6.176091259055681
19020958,中古マンション等,,19201,山梨県,甲府市,上石田,甲府,28,３ＬＤＫ,70,,,,平成2年,ＲＣ,住宅,,,,,第１種中高層住居専用地域,60.0,200.0,2013年第２四半期,改装済,,6.959041392321094
19001890,中古マンション等,,19201,山梨県,甲府市,中央,甲府,16,１Ｋ,20,,,,平成5年,ＳＲＣ,,住宅,,,,商業地域,80.0,600.0,2018年第３四半期,未改装,,6.431363764158987
19002657,中古マンション等,,19201,山梨県,甲府市,若松町,甲府,21,３ＬＤＫ,95,,,,平成18年,ＲＣ,住宅,住宅,,,,商業地域,80.0,400.0,2016年第３四半期,改装済,,7.3979400086720375
19001524,中古マンション等,,19201,山梨県,甲府市,城東,善光寺,6,３ＬＤＫ,55,,,,平成3年,ＲＣ,住宅,住宅,,,,準工業地域,60.0,200.0,2015年第１四半期,未改装,,6.3222192947339195
19026371,中古マンション等,,19201,山梨県,甲府市,朝日,甲府,6,１Ｋ,15,,,,昭和63年,ＳＲＣ,住宅,,,,,商業地域,80.0,400.0,2008年第１四半期,,,6.342422680822207
19021051,中古マンション等,,19201,山梨県,甲府市,川田町,石和温泉,10,３ＬＤＫ,80,,,,平成6年,ＲＣ,住宅,,,,,市街化調整区域,70.0,400.0,2013年第４四半期,未改装,,6.929418925714293
19021145,中古マンション等,,19201,山梨県,甲府市,国母,甲府,30分?60分,４ＬＤＫ,90,,,,平成20年,ＲＣ,住宅,,,,,第２種住居地域,60.0,200.0,2013年第１四半期,未改装,,7.380211241711606
19012448,中古マンション等,,19201,山梨県,甲府市,朝日,甲府,8,１Ｋ,15,,,,昭和63年,ＳＲＣ,住宅,住宅,,,,商業地域,80.0,400.0,2014年第４四半期,,,6.176091259055681
19023606,中古マンション等,,19201,山梨県,甲府市,酒折,酒折,11,１Ｋ,20,,,,平成4年,ＲＣ,住宅,,,,,市街化調整区域,,,2009年第４四半期,改装済,,6.146128035678238
19002347,中古マンション等,,19201,山梨県,甲府市,丸の内,甲府,8,１Ｋ,15,,,,昭和63年,ＳＲＣ,住宅,住宅,,,,商業地域,80.0,400.0,2016年第２四半期,未改装,,6.041392685158225
19012433,中古マンション等,,19201,山梨県,甲府市,青沼,南甲府,14,４ＬＤＫ,85,,,,平成18年,ＲＣ,住宅,その他,,,,第１種住居地域,60.0,200.0,2014年第２四半期,,,7.3222192947339195
19026538,中古マンション等,,19201,山梨県,甲府市,川田町,石和温泉,9,２ＬＤＫ,50,,,,平成6年,ＲＣ,住宅,,,,,市街化調整区域,60.0,200.0,2008年第２四半期,未改装,,6.113943352306837
19002447,中古マンション等,,19201,山梨県,甲府市,宮前町,甲府,11,３ＬＤＫ,55,,,,平成5年,ＲＣ,住宅,住宅,,,,第２種住居地域,60.0,200.0,2017年第２四半期,未改装,,6.986771734266245
19012726,中古マンション等,,19201,山梨県,甲府市,朝日,甲府,8,１Ｋ,15,,,,昭和63年,ＳＲＣ,住宅,,,,,商業地域,80.0,400.0,2010年第４四半期,未改装,,6.204119982655925
19013000,中古マンション等,,19201,山梨県,甲府市,丸の内,甲府,3,,80,,,,平成19年,ＲＣ,住宅,住宅,,,,商業地域,80.0,600.0,2014年第４四半期,改装済,,7.301029995663981
19001012,中古マンション等,,19201,山梨県,甲府市,国母,甲府,30分?60分,２ＤＫ,50,,,,昭和49年,ＲＣ,住宅,住宅,,,,第１種住居地域,60.0,200.0,2015年第３四半期,改装済,,6.4623979978989565
19000169,中古マンション等,,19201,山梨県,甲府市,朝日,甲府,8,１Ｋ,15,,,,昭和63年,ＳＲＣ,住宅,住宅,,,,商業地域,80.0,400.0,2015年第２四半期,,,6.113943352306837
19012451,中古マンション等,,19201,山梨県,甲府市,朝日,甲府,2,１Ｋ,15,,,,昭和63年,ＳＲＣ,住宅,住宅,,,,商業地域,80.0,400.0,2014年第２四半期,未改装,,5.903089986991944
19013534,中古マンション等,,19201,山梨県,甲府市,丸の内,甲府,9,３ＬＤＫ,75,,,,平成22年,ＲＣ,住宅,,,,,商業地域,80.0,600.0,2010年第３四半期,改装済,,7.462397997898956
19012573,中古マンション等,,19201,山梨県,甲府市,北口,甲府,3,,25,,,,昭和61年,ＳＲＣ,住宅,,,,,商業地域,80.0,600.0,2014年第１四半期,改装済,,6.447158031342219
19001828,中古マンション等,,19201,山梨県,甲府市,中央,金手,5,２ＤＫ,45,,,,昭和50年,ＳＲＣ,住宅,住宅,,,,商業地域,80.0,400.0,2018年第３四半期,改装済,,6.732393759822968
19023367,中古マンション等,,19201,山梨県,甲府市,川田町,石和温泉,15,２ＬＤＫ,50,,,,平成6年,ＲＣ,住宅,,,,,市街化調整区域,60.0,200.0,2009年第１四半期,未改装,,6.698970004336019
19001668,中古マンション等,,19201,山梨県,甲府市,善光寺,善光寺,6,１Ｋ,15,,,,平成3年,鉄骨造,住宅,住宅,,,,第１種中高層住居専用地域,60.0,200.0,2017年第２四半期,改装済,,6.079181246047625
19002295,中古マンション等,,19201,山梨県,甲府市,丸の内,甲府,7,１Ｋ,20,,,,昭和63年,ＳＲＣ,住宅,住宅,,,,商業地域,80.0,400.0,2020年第１四半期,未改装,,6.176091259055681
19013055,中古マンション等,,19201,山梨県,甲府市,国母,甲府,30分?60分,３ＬＤＫ,60,,,,昭和49年,ＲＣ,住宅,,,,,第１種住居地域,60.0,200.0,2010年第２四半期,未改装,,6.633468455579586
19024010,中古マンション等,,19201,山梨県,甲府市,丸の内,甲府,7,３ＬＤＫ,70,,,,平成18年,ＲＣ,住宅,,,,,商業地域,80.0,600.0,2009年第４四半期,未改装,,7.079181246047625
19000840,中古マンション等,,19201,山梨県,甲府市,川田町,石和温泉,10,１ＤＫ,35,,,,平成6年,ＲＣ,住宅,住宅,,,,市街化調整区域,60.0,200.0,2017年第１四半期,未改装,,6.623249290397901
19013216,中古マンション等,,19201,山梨県,甲府市,城東,善光寺,7,３ＬＤＫ,60,,,,平成3年,ＲＣ,住宅,,,,,準工業地域,60.0,200.0,2010年第４四半期,未改装,,6.672097857935717
19021287,中古マンション等,,19201,山梨県,甲府市,城東,善光寺,6,３ＬＤＫ,60,,,,平成3年,ＲＣ,住宅,,,,,準工業地域,60.0,200.0,2013年第４四半期,改装済,,6.977723605288848
19001180,中古マンション等,,19201,山梨県,甲府市,酒折,酒折,10,１Ｋ,20,,,,平成4年,ＲＣ,,その他,,,,市街化調整区域,,,2017年第４四半期,未改装,,6.6020599913279625
19014963,中古マンション等,,19201,山梨県,甲府市,丸の内,甲府,6,３ＬＤＫ,75,,,,平成18年,ＲＣ,住宅,,,,,商業地域,80.0,600.0,2011年第１四半期,未改装,,7.301029995663981
19026655,中古マンション等,,19201,山梨県,甲府市,里吉,南甲府,19,３ＬＤＫ,70,,,,平成8年,ＲＣ,住宅,,,,,準工業地域,60.0,200.0,2008年第２四半期,改装済,,6.845098040014257
19013571,中古マンション等,,19201,山梨県,甲府市,丸の内,甲府,11,４ＬＤＫ,90,,,,平成21年,ＲＣ,住宅,,,,,商業地域,80.0,400.0,2010年第１四半期,改装済,,7.3222192947339195
19000139,中古マンション等,,19201,山梨県,甲府市,朝日,甲府,6,１Ｋ,15,,,,昭和63年,ＳＲＣ,住宅,住宅,,,,商業地域,80.0,400.0,2019年第２四半期,改装済,,6.2552725051033065
19013514,中古マンション等,,19201,山梨県,甲府市,丸の内,甲府,9,３ＬＤＫ,105,,,,平成22年,ＲＣ,住宅,,,,,商業地域,80.0,600.0,2010年第３四半期,改装済,,7.568201724066995
19013570,中古マンション等,,19201,山梨県,甲府市,丸の内,甲府,11,４ＬＤＫ,90,,,,平成21年,ＲＣ,住宅,,,,,商業地域,80.0,400.0,2010年第１四半期,未改装,,7.278753600952829
19026374,中古マンション等,,19201,山梨県,甲府市,朝日,甲府,6,１Ｋ,15,,,,昭和63年,ＳＲＣ,住宅,,,,,商業地域,80.0,600.0,2007年第４四半期,未改装,,6.301029995663981
19012824,中古マンション等,,19201,山梨県,甲府市,中央,金手,5,２ＬＤＫ,45,,,,昭和50年,ＳＲＣ,住宅,住宅,,,,商業地域,80.0,400.0,2014年第２四半期,改装済,,6.531478917042255
19012636,中古マンション等,,19201,山梨県,甲府市,酒折,酒折,2,４ＬＤＫ,70,,,,平成5年,ＲＣ,住宅,,,,,市街化調整区域,,,2014年第１四半期,未改装,,6.724275869600789
19021144,中古マンション等,,19201,山梨県,甲府市,国母,甲府,30分?60分,２ＬＤＫ,50,,,,昭和49年,ＲＣ,住宅,,,,,第１種住居地域,60.0,200.0,2013年第１四半期,未改装,,6.3979400086720375
19002064,中古マンション等,,19201,山梨県,甲府市,富竹,甲府,30分?60分,３ＬＤＫ,70,,,,平成19年,ＲＣ,住宅,住宅,,,,準工業地域,60.0,200.0,2018年第２四半期,未改装,,7.2552725051033065
19001246,中古マンション等,,19201,山梨県,甲府市,里吉,南甲府,21,３ＬＤＫ,60,,,,平成8年,ＲＣ,住宅,住宅,,,,準工業地域,60.0,200.0,2020年第１四半期,未改装,,7.079181246047625
19001718,中古マンション等,,19201,山梨県,甲府市,高畑,甲府,28,２ＬＤＫ,85,,,,平成18年,ＲＣ,住宅,住宅,,,,第１種住居地域,60.0,200.0,2016年第３四半期,未改装,,7.230448921378274
19014633,中古マンション等,,19201,山梨県,甲府市,高畑,甲府,30分?60分,４ＬＤＫ,95,,,,平成18年,ＲＣ,住宅,,,,,第１種住居地域,60.0,200.0,2011年第３四半期,未改装,,7.361727836017593
19023365,中古マンション等,,19201,山梨県,甲府市,川田町,石和温泉,10,３ＬＤＫ,50,,,,平成6年,ＲＣ,住宅,,,,,市街化調整区域,60.0,200.0,2009年第３四半期,改装済,,6.826074802700826
19000173,中古マンション等,,19201,山梨県,甲府市,朝日,甲府,5,１ＤＫ,15,,,,昭和63年,ＳＲＣ,住宅,住宅,,,,商業地域,80.0,400.0,2015年第１四半期,未改装,,6.230448921378274
19001660,中古マンション等,,19201,山梨県,甲府市,善光寺,善光寺,6,１ＬＤＫ,20,,,,平成3年,鉄骨造,住宅,その他,,,,第１種中高層住居専用地域,60.0,200.0,2019年第２四半期,改装済,,6.531478917042255
19001941,中古マンション等,,19201,山梨県,甲府市,中央,甲府,18,１Ｋ,20,,,,平成5年,ＳＲＣ,住宅,住宅,,,,商業地域,80.0,600.0,2016年第１四半期,未改装,,6.623249290397901
19001959,中古マンション等,,19201,山梨県,甲府市,中央,甲府,15,３ＤＫ,55,,,,昭和50年,ＳＲＣ,住宅,住宅,,,,商業地域,80.0,400.0,2015年第１四半期,未改装,,6.505149978319906
19000148,中古マンション等,,19201,山梨県,甲府市,朝日,甲府,7,１Ｋ,15,,,,昭和63年,ＳＲＣ,住宅,事務所,,,,商業地域,80.0,400.0,2018年第１四半期,改装済,,6.176091259055681
19019816,中古マンション等,,19201,山梨県,甲府市,若松町,甲府,21,３ＬＤＫ,95,,,,平成18年,ＲＣ,住宅,,,,,商業地域,80.0,400.0,2012年第４四半期,未改装,,7.361727836017593
19013576,中古マンション等,,19201,山梨県,甲府市,丸の内,甲府,11,３ＬＤＫ,75,,,,平成21年,ＲＣ,住宅,,,,,商業地域,80.0,400.0,2010年第１四半期,未改装,,7.204119982655925
19001659,中古マンション等,,19201,山梨県,甲府市,善光寺,善光寺,8,１Ｋ,15,,,,平成3年,鉄骨造,,住宅,,,,第１種中高層住居専用地域,60.0,200.0,2019年第３四半期,未改装,,6.041392685158225
19023651,中古マンション等,,19201,山梨県,甲府市,里吉,南甲府,14,３ＬＤＫ,70,,,,平成8年,ＲＣ,住宅,,,,,準工業地域,60.0,200.0,2009年第４四半期,未改装,,7.041392685158225
19021197,中古マンション等,,19201,山梨県,甲府市,幸町,南甲府,9,３ＬＤＫ,70,,,,平成9年,ＲＣ,住宅,,,,,準工業地域,60.0,200.0,2013年第３四半期,未改装,,6.892094602690481
19001891,中古マンション等,,19201,山梨県,甲府市,中央,甲府,19,３ＬＤＫ,65,,,,昭和64年,ＳＲＣ,住宅,,,,,商業地域,80.0,400.0,2018年第３四半期,改装済,,6.778151250383644
19012731,中古マンション等,,19201,山梨県,甲府市,朝日,甲府,8,１Ｋ,15,,,,昭和63年,ＳＲＣ,住宅,,,,,商業地域,80.0,400.0,2010年第３四半期,未改装,,6.204119982655925
19013006,中古マンション等,,19201,山梨県,甲府市,丸の内,甲府,8,１Ｋ,15,,,,昭和63年,ＳＲＣ,住宅,住宅,,,,商業地域,80.0,400.0,2014年第３四半期,未改装,,6.176091259055681
19014139,中古マンション等,,19201,山梨県,甲府市,川田町,石和温泉,10,２ＤＫ,50,,,,平成6年,ＲＣ,住宅,,,,,,,,2011年第４四半期,未改装,,6.662757831681574
19021289,中古マンション等,,19201,山梨県,甲府市,城東,善光寺,5,２ＤＫ,40,,,,平成3年,ＲＣ,住宅,,,,,準工業地域,60.0,200.0,2013年第３四半期,未改装,,6.763427993562937
19013556,中古マンション等,,19201,山梨県,甲府市,丸の内,甲府,10,３ＬＤＫ,70,,,,平成21年,ＲＣ,住宅,,,,,商業地域,80.0,400.0,2010年第２四半期,,,7.301029995663981
19013564,中古マンション等,,19201,山梨県,甲府市,丸の内,甲府,8,３ＬＤＫ,75,,,,平成22年,ＲＣ,住宅,,,,,商業地域,80.0,600.0,2010年第２四半期,未改装,,7.447158031342219
19024022,中古マンション等,,19201,山梨県,甲府市,丸の内,甲府,11,３ＬＤＫ,75,,,,平成21年,ＲＣ,住宅,,,,,商業地域,80.0,400.0,2009年第４四半期,未改装,,7.342422680822207
19012821,中古マンション等,,19201,山梨県,甲府市,中央,金手,4,２ＤＫ,45,,,,昭和50年,ＳＲＣ,住宅,住宅,,,,商業地域,80.0,400.0,2014年第４四半期,改装済,,6.544068044350276
19019612,中古マンション等,,19201,山梨県,甲府市,城東,善光寺,6,３ＬＤＫ,55,,,,平成3年,ＲＣ,住宅,,,,,準工業地域,60.0,200.0,2012年第１四半期,改装済,,6.799340549453582
19023612,中古マンション等,,19201,山梨県,甲府市,酒折,酒折,10,３ＬＤＫ,65,,,,平成5年,ＲＣ,住宅,,,,,市街化調整区域,60.0,200.0,2009年第３四半期,未改装,,6.623249290397901
19000158,中古マンション等,,19201,山梨県,甲府市,朝日,甲府,7,１Ｋ,15,,,,昭和63年,ＳＲＣ,住宅,住宅,,,,商業地域,80.0,400.0,2016年第３四半期,未改装,,6.204119982655925
19013572,中古マンション等,,19201,山梨県,甲府市,丸の内,甲府,11,３ＬＤＫ,70,,,,平成21年,ＲＣ,住宅,,,,,商業地域,80.0,400.0,2010年第１四半期,未改装,,7.2552725051033065
19013526,中古マンション等,,19201,山梨県,甲府市,丸の内,甲府,8,３ＬＤＫ,70,,,,平成22年,ＳＲＣ,住宅,,,,,商業地域,80.0,600.0,2010年第３四半期,改装済,,7.431363764158987
19023308,中古マンション等,,19201,山梨県,甲府市,上石田,甲府,30分?60分,３ＬＤＫ,75,,,,平成2年,ＲＣ,住宅,,,,,第１種住居地域,60.0,200.0,2009年第１四半期,未改装,,7.113943352306837
19013117,中古マンション等,,19201,山梨県,甲府市,若松町,甲府,21,２ＬＤＫ,65,,,,平成18年,ＲＣ,住宅,住宅,,,,商業地域,80.0,400.0,2014年第２四半期,未改装,,7.3222192947339195
19014352,中古マンション等,,19201,山梨県,甲府市,酒折,酒折,1,３ＬＤＫ,70,,,,平成5年,ＲＣ,住宅,,,,,市街化調整区域,60.0,200.0,2011年第３四半期,未改装,調停・競売等,6.447158031342219
19012605,中古マンション等,,19201,山梨県,甲府市,国母,甲府,30分?60分,３ＬＤＫ,80,,,,平成20年,ＲＣ,住宅,住宅,,,,第２種住居地域,60.0,200.0,2014年第４四半期,未改装,,7.3222192947339195
19023604,中古マンション等,,19201,山梨県,甲府市,酒折,酒折,8,１ＤＫ,25,,,,平成4年,ＲＣ,住宅,,,,,市街化調整区域,60.0,200.0,2009年第４四半期,未改装,,6.204119982655925
19000058,中古マンション等,,19201,山梨県,甲府市,青葉町,南甲府,9,４ＤＫ,70,,,,平成3年,ＳＲＣ,住宅,住宅,,,,準工業地域,60.0,200.0,2020年第１四半期,未改装,,6.7923916894982534
19021067,中古マンション等,,19201,山梨県,甲府市,北口,甲府,3,２ＬＤＫ,60,,,,平成11年,ＲＣ,住宅,,,,,商業地域,80.0,600.0,2013年第３四半期,改装済,,7.176091259055681
19001823,中古マンション等,,19201,山梨県,甲府市,中央,金手,5,２ＤＫ,45,,,,昭和50年,ＳＲＣ,住宅,その他,,,,商業地域,80.0,400.0,2020年第１四半期,未改装,,6.431363764158987
19013359,中古マンション等,,19201,山梨県,甲府市,中央,甲府,16,２ＤＫ,45,,,,昭和50年,ＲＣ,住宅,,,,,商業地域,80.0,400.0,2010年第４四半期,未改装,,6.4623979978989565
19013513,中古マンション等,,19201,山梨県,甲府市,丸の内,甲府,8,３ＬＤＫ,75,,,,平成22年,ＲＣ,住宅,,,,,商業地域,80.0,600.0,2010年第３四半期,,,7.3979400086720375
19001178,中古マンション等,,19201,山梨県,甲府市,酒折,酒折,3,１Ｋ,20,,,,平成4年,ＲＣ,,その他,,,,市街化調整区域,60.0,200.0,2017年第４四半期,,,6.672097857935717
19002336,中古マンション等,,19201,山梨県,甲府市,丸の内,甲府,8,１Ｒ,20,,,,昭和63年,ＳＲＣ,住宅,住宅,,,,商業地域,80.0,400.0,2017年第１四半期,未改装,,6.278753600952829
19014579,中古マンション等,,19201,山梨県,甲府市,住吉,南甲府,5,４ＬＤＫ,65,,,,平成2年,ＲＣ,住宅,,,,,第１種住居地域,60.0,200.0,2011年第２四半期,改装済,,7.0
19023309,中古マンション等,,19201,山梨県,甲府市,上石田,甲府,30分?60分,３ＬＤＫ,75,,,,昭和64年,ＲＣ,住宅,,,,,第１種住居地域,60.0,200.0,2009年第１四半期,未改装,,7.079181246047625
19026919,中古マンション等,,19201,山梨県,甲府市,丸の内,甲府,8,１Ｋ,20,,,,昭和63年,ＳＲＣ,住宅,,,,,商業地域,80.0,400.0,2007年第２四半期,改装済,,6.447158031342219
19013221,中古マンション等,,19201,山梨県,甲府市,城東,南甲府,5,３ＬＤＫ,65,,,,平成3年,ＲＣ,住宅,,,,,準工業地域,60.0,200.0,2010年第４四半期,未改装,,6.903089986991944
19013523,中古マンション等,,19201,山梨県,甲府市,丸の内,甲府,9,３ＬＤＫ,80,,,,平成22年,ＲＣ,住宅,,,,,商業地域,80.0,600.0,2010年第３四半期,改装済,,7.477121254719663
19026597,中古マンション等,,19201,山梨県,甲府市,国母,甲府,30分?60分,３ＬＤＫ,75,,,,平成10年,ＲＣ,住宅,,,,,第１種住居地域,60.0,200.0,2007年第３四半期,未改装,,7.176091259055681
19002332,中古マンション等,,19201,山梨県,甲府市,丸の内,甲府,10,４ＬＤＫ,90,,,,平成19年,ＲＣ,住宅,,,,,商業地域,80.0,400.0,2017年第２四半期,未改装,,7.3222192947339195
19000373,中古マンション等,,19201,山梨県,甲府市,大里町,国母,30分?60分,３ＬＤＫ,60,,,,平成6年,ＲＣ,住宅,住宅,,,,第２種中高層住居専用地域,60.0,200.0,2018年第４四半期,未改装,,6.845098040014257
19001183,中古マンション等,,19201,山梨県,甲府市,酒折,酒折,3,１Ｋ,25,,,,平成4年,ＲＣ,住宅,住宅,,,,市街化調整区域,60.0,200.0,2017年第３四半期,未改装,,6.414973347970818
19013544,中古マンション等,,19201,山梨県,甲府市,丸の内,甲府,9,３ＬＤＫ,95,,,,平成22年,ＲＣ,住宅,,,,,商業地域,80.0,600.0,2010年第３四半期,未改装,,7.477121254719663
19012990,中古マンション等,,19201,山梨県,甲府市,川田町,石和温泉,13,２ＬＤＫ,55,,,,平成6年,ＲＣ,住宅,,,,,市街化調整区域,,,2010年第２四半期,改装済,,6.8750612633917
19000137,中古マンション等,,19201,山梨県,甲府市,朝日,甲府,6,１Ｋ,15,,,,昭和63年,ＳＲＣ,住宅,住宅,,,,商業地域,80.0,400.0,2019年第３四半期,未改装,,6.2552725051033065
19014282,中古マンション等,,19201,山梨県,甲府市,国母,国母,6,３ＬＤＫ,70,,,,平成12年,ＲＣ,住宅,,,,,第１種住居地域,60.0,200.0,2011年第４四半期,改装済,,6.176091259055681
19021726,中古マンション等,,19201,山梨県,甲府市,若松町,甲府,21,３ＬＤＫ,70,,,,平成18年,ＲＣ,住宅,,,,,商業地域,80.0,400.0,2013年第３四半期,改装済,,7.3222192947339195
19001253,中古マンション等,,19201,山梨県,甲府市,里吉,南甲府,15,３ＬＤＫ,70,,,,平成8年,ＲＣ,,住宅,,,,準工業地域,60.0,200.0,2018年第２四半期,未改装,,7.079181246047625
19013053,中古マンション等,,19201,山梨県,甲府市,国母,甲府,30分?60分,２ＬＤＫ,55,,,,昭和49年,ＲＣ,住宅,,,,,第１種住居地域,60.0,200.0,2010年第４四半期,未改装,,6.3979400086720375
19000828,中古マンション等,,19201,山梨県,甲府市,川田町,石和温泉,10,２ＬＤＫ,85,,,,平成6年,ＲＣ,住宅,住宅,,,,市街化調整区域,70.0,400.0,2018年第３四半期,未改装,,7.079181246047625
19002358,中古マンション等,,19201,山梨県,甲府市,丸の内,甲府,8,３ＬＤＫ,90,,,,平成22年,ＲＣ,住宅,住宅,,,,商業地域,80.0,600.0,2015年第２四半期,未改装,,7.5910646070264995
19000912,中古マンション等,,19201,山梨県,甲府市,貢川本町,甲府,30分?60分,４ＬＤＫ,90,,,,,ＲＣ,住宅,住宅,,,,第１種住居地域,60.0,200.0,2019年第３四半期,未改装,,7.380211241711606
19000841,中古マンション等,,19201,山梨県,甲府市,川田町,石和温泉,10,２ＤＫ,40,,,,平成6年,ＲＣ,住宅,住宅,,,,市街化調整区域,70.0,400.0,2017年第１四半期,改装済,,6.845098040014257
19013125,中古マンション等,,19201,山梨県,甲府市,酒折,酒折,2,１Ｋ,20,,,,平成2年,ＲＣ,住宅,,,,,市街化調整区域,50.0,100.0,2010年第４四半期,未改装,,6.146128035678238
19019761,中古マンション等,,19201,山梨県,甲府市,丸の内,甲府,9,１Ｋ,15,,,,昭和63年,ＳＲＣ,住宅,,,,,商業地域,80.0,400.0,2012年第１四半期,未改装,,6.146128035678238
19000862,中古マンション等,,19201,山梨県,甲府市,北口,甲府,3,２ＬＤＫ,45,,,,平成8年,ＳＲＣ,住宅,住宅,,,,商業地域,80.0,400.0,2016年第３四半期,未改装,,7.041392685158225
19002616,中古マンション等,,19201,山梨県,甲府市,湯村,甲府,30分?60分,３ＬＤＫ,70,,,,平成16年,ＳＲＣ,住宅,住宅,,,,商業地域,80.0,400.0,2015年第１四半期,未改装,,7.301029995663981
19024014,中古マンション等,,19201,山梨県,甲府市,丸の内,甲府,7,３ＬＤＫ,70,,,,平成18年,ＲＣ,住宅,,,,,商業地域,80.0,600.0,2009年第４四半期,未改装,,7.113943352306837
19024020,中古マンション等,,19201,山梨県,甲府市,丸の内,甲府,11,３ＬＤＫ,80,,,,平成21年,ＲＣ,住宅,,,,,商業地域,80.0,400.0,2009年第４四半期,未改装,,7.3979400086720375
19026536,中古マンション等,,19201,山梨県,甲府市,川田町,石和温泉,10,２ＤＫ,40,,,,平成6年,ＲＣ,住宅,,,,,市街化調整区域,60.0,200.0,2008年第３四半期,未改装,関係者間取引,6.301029995663981
19026535,中古マンション等,,19201,山梨県,甲府市,川田町,石和温泉,9,１ＤＫ,25,,,,平成6年,ＲＣ,住宅,,,,,市街化調整区域,60.0,200.0,2008年第３四半期,未改装,,6.568201724066995
19001758,中古マンション等,,19201,山梨県,甲府市,武田,甲府,12,４ＬＤＫ,80,,,,平成28年,ＲＣ,住宅,住宅,,,,第１種中高層住居専用地域,60.0,200.0,2018年第１四半期,未改装,,7.531478917042255
19012572,中古マンション等,,19201,山梨県,甲府市,北口,甲府,4,３ＬＤＫ,75,,,,平成11年,ＲＣ,住宅,住宅,,,,商業地域,80.0,400.0,2014年第３四半期,未改装,,7.301029995663981
19020803,中古マンション等,,19201,山梨県,甲府市,朝日,甲府,8,１Ｋ,15,,,,昭和63年,ＳＲＣ,住宅,,,,,商業地域,80.0,400.0,2013年第１四半期,改装済,,6.113943352306837
19000997,中古マンション等,,19201,山梨県,甲府市,国母,甲府,30分?60分,２ＬＤＫ,60,,,,昭和49年,ＲＣ,住宅,住宅,,,,第１種住居地域,60.0,200.0,2019年第４四半期,未改装,,6.361727836017593
19023364,中古マンション等,,19201,山梨県,甲府市,川田町,石和温泉,10,１Ｋ,25,,,,平成6年,ＲＣ,住宅,,,,,市街化調整区域,60.0,200.0,2009年第４四半期,未改装,,6.361727836017593
19014747,中古マンション等,,19201,山梨県,甲府市,中央,甲府,18,１Ｋ,20,,,,平成3年,鉄骨造,住宅,,,,,商業地域,80.0,400.0,2011年第４四半期,改装済,,5.477121254719663
19001832,中古マンション等,,19201,山梨県,甲府市,中央,金手,9,３ＬＤＫ,65,,,,昭和64年,ＳＲＣ,住宅,住宅,,,,商業地域,80.0,400.0,2017年第４四半期,未改装,,7.041392685158225
19002345,中古マンション等,,19201,山梨県,甲府市,丸の内,甲府,9,１Ｋ,15,,,,昭和63年,ＳＲＣ,住宅,その他,,,,商業地域,80.0,400.0,2016年第２四半期,未改装,,6.146128035678238
19000167,中古マンション等,,19201,山梨県,甲府市,朝日,甲府,4,１Ｋ,15,,,,昭和63年,ＳＲＣ,住宅,住宅,,,,商業地域,80.0,400.0,2015年第３四半期,改装済,,6.2552725051033065
19023155,中古マンション等,,19201,山梨県,甲府市,朝日,甲府,6,１Ｋ,15,,,,昭和63年,ＳＲＣ,住宅,,,,,商業地域,80.0,400.0,2009年第４四半期,未改装,,6.176091259055681
19024012,中古マンション等,,19201,山梨県,甲府市,丸の内,甲府,11,３ＬＤＫ,70,,,,平成21年,ＲＣ,住宅,,,,,商業地域,80.0,400.0,2009年第４四半期,未改装,,7.278753600952829
19000845,中古マンション等,,19201,山梨県,甲府市,川田町,石和温泉,10,１Ｋ,25,,,,平成6年,ＲＣ,住宅,住宅,,,,市街化調整区域,70.0,400.0,2016年第３四半期,未改装,,6.278753600952829
19014500,中古マンション等,,19201,山梨県,甲府市,城東,善光寺,5,３ＬＤＫ,75,,,,平成3年,ＲＣ,住宅,,,,,準工業地域,60.0,200.0,2011年第２四半期,改装済,,6.929418925714293
19019529,中古マンション等,,19201,山梨県,甲府市,国母,甲府,30分?60分,２ＬＤＫ,50,,,,昭和49年,ＲＣ,住宅,,,,,第１種住居地域,60.0,200.0,2012年第２四半期,未改装,,6.544068044350276
19015134,中古マンション等,,19201,山梨県,甲府市,湯村,甲府,30分?60分,４ＬＤＫ,85,,,,平成16年,ＳＲＣ,住宅,,,,,商業地域,80.0,400.0,2011年第４四半期,改装済,,7.301029995663981
19002442,中古マンション等,,19201,山梨県,甲府市,宮前町,甲府,10,３ＬＤＫ,55,,,,平成5年,ＲＣ,住宅,住宅,,,,第２種住居地域,60.0,200.0,2019年第３四半期,未改装,,7.113943352306837
19019643,中古マンション等,,19201,山梨県,甲府市,善光寺,善光寺,8,１Ｋ,15,,,,平成3年,鉄骨造,住宅,,,,,第１種中高層住居専用地域,60.0,200.0,2012年第１四半期,未改装,,5.954242509439325
19014492,中古マンション等,,19201,山梨県,甲府市,城東,甲府,26,３ＬＤＫ,55,,,,平成5年,ＲＣ,住宅,,,,,第２種住居地域,60.0,200.0,2011年第２四半期,未改装,,6.799340549453582
19023299,中古マンション等,,19201,山梨県,甲府市,上石田,甲府,28,３ＬＤＫ,70,,,,平成2年,ＲＣ,住宅,,,,,第１種中高層住居専用地域,60.0,200.0,2009年第４四半期,改装済,,6.929418925714293
19026544,中古マンション等,,19201,山梨県,甲府市,川田町,石和温泉,10,１Ｋ,25,,,,平成6年,ＲＣ,住宅,,,,,市街化調整区域,60.0,200.0,2007年第３四半期,未改装,,6.531478917042255
19001499,中古マンション等,,19201,山梨県,甲府市,城東,善光寺,8,３ＬＤＫ,70,,,,平成3年,ＲＣ,住宅,住宅,,,,準工業地域,60.0,200.0,2020年第１四半期,未改装,,6.845098040014257
19019437,中古マンション等,,19201,山梨県,甲府市,大里町,国母,30分?60分,３ＬＤＫ,65,,,,平成6年,ＲＣ,住宅,,,,,第２種中高層住居専用地域,60.0,200.0,2012年第４四半期,改装済,,6.949390006644912
19013945,中古マンション等,,19201,山梨県,甲府市,大里町,国母,30分?60分,２ＬＤＫ,60,,,,平成6年,ＲＣ,住宅,,,,,第２種中高層住居専用地域,60.0,200.0,2011年第３四半期,改装済,,6.963787827345556
19013539,中古マンション等,,19201,山梨県,甲府市,丸の内,甲府,9,２ＬＤＫ,60,,,,平成22年,ＲＣ,住宅,,,,,商業地域,80.0,600.0,2010年第３四半期,未改装,,7.301029995663981
19020801,中古マンション等,,19201,山梨県,甲府市,朝日,甲府,8,１Ｋ,20,,,,昭和63年,ＳＲＣ,住宅,,,,,商業地域,80.0,400.0,2013年第２四半期,未改装,,6.278753600952829
19013519,中古マンション等,,19201,山梨県,甲府市,丸の内,甲府,8,４ＬＤＫ,70,,,,平成22年,ＳＲＣ,住宅,,,,,商業地域,80.0,600.0,2010年第３四半期,改装済,,7.414973347970818
19002318,中古マンション等,,19201,山梨県,甲府市,丸の内,甲府,8,３ＬＤＫ,105,,,,平成22年,ＲＣ,住宅,,,,,商業地域,80.0,600.0,2018年第２四半期,未改装,,7.477121254719663
19014497,中古マンション等,,19201,山梨県,甲府市,城東,善光寺,5,２ＤＫ,45,,,,平成3年,ＲＣ,住宅,,,,,準工業地域,60.0,200.0,2011年第３四半期,改装済,,6.698970004336019
19012865,中古マンション等,,19201,山梨県,甲府市,中央,甲府,18,２ＤＫ,45,,,,平成5年,ＳＲＣ,住宅,,,,,商業地域,80.0,600.0,2014年第３四半期,未改装,,6.8750612633917
19001460,中古マンション等,,19201,山梨県,甲府市,城東,金手,8,２ＬＤＫ,55,,,,平成5年,ＲＣ,住宅,住宅,,,,第２種住居地域,60.0,200.0,2018年第３四半期,未改装,,6.944482672150168
19002422,中古マンション等,,19201,山梨県,甲府市,南口町,南甲府,3,３ＬＤＫ,75,,,,平成11年,ＲＣ,住宅,住宅,,,,第１種住居地域,60.0,200.0,2017年第４四半期,改装済,,7.176091259055681
19001483,中古マンション等,,19201,山梨県,甲府市,城東,金手,11,３ＬＤＫ,55,,,,平成5年,ＲＣ,住宅,,,,,第２種住居地域,60.0,200.0,2015年第３四半期,,,6.544068044350276
19026904,中古マンション等,,19201,山梨県,甲府市,丸の内,甲府,7,３ＬＤＫ,70,,,,平成18年,ＲＣ,住宅,,,,,商業地域,80.0,600.0,2008年第４四半期,未改装,,7.278753600952829
19002299,中古マンション等,,19201,山梨県,甲府市,丸の内,甲府,8,１Ｋ,15,,,,昭和63年,ＳＲＣ,,その他,,,,商業地域,80.0,400.0,2019年第４四半期,未改装,,6.3222192947339195
19001047,中古マンション等,,19201,山梨県,甲府市,国母,国母,5,３ＬＤＫ,70,,,,平成12年,ＲＣ,,住宅,,,,第１種住居地域,60.0,200.0,2018年第１四半期,未改装,,7.176091259055681
19013542,中古マンション等,,19201,山梨県,甲府市,丸の内,甲府,9,３ＬＤＫ,70,,,,平成22年,ＲＣ,住宅,,,,,商業地域,80.0,600.0,2010年第３四半期,未改装,,7.477121254719663
19000858,中古マンション等,,19201,山梨県,甲府市,北口,甲府,4,３ＬＤＫ,65,,,,平成8年,ＳＲＣ,住宅,住宅,,,,商業地域,80.0,400.0,2017年第３四半期,改装済,,7.176091259055681
19013591,中古マンション等,,19201,山梨県,甲府市,丸の内,甲府,11,３ＬＤＫ,80,,,,平成21年,ＲＣ,住宅,,,,,商業地域,80.0,400.0,2010年第１四半期,未改装,,7.361727836017593
19014605,中古マンション等,,19201,山梨県,甲府市,善光寺,善光寺,8,１Ｒ,15,,,,平成3年,鉄骨造,住宅,,,,,第１種中高層住居専用地域,60.0,200.0,2011年第３四半期,未改装,,5.698970004336019
19019558,中古マンション等,,19201,山梨県,甲府市,酒折,酒折,2,４ＤＫ,60,,,,平成5年,ＲＣ,住宅,,,,,市街化調整区域,,,2012年第１四半期,未改装,,6.7160033436347994
19002464,中古マンション等,,19201,山梨県,甲府市,元紺屋町,甲府,15,３ＬＤＫ,60,,,,平成16年,ＲＣ,住宅,住宅,,,,第１種中高層住居専用地域,60.0,200.0,2017年第３四半期,未改装,,7.230448921378274
19013358,中古マンション等,,19201,山梨県,甲府市,中央,甲府,16,２ＤＫ,40,,,,平成5年,ＳＲＣ,住宅,,,,,商業地域,80.0,600.0,2010年第４四半期,改装済,,6.832508912706237
19026543,中古マンション等,,19201,山梨県,甲府市,川田町,石和温泉,10,１ＤＫ,25,,,,平成6年,ＲＣ,住宅,,,,,市街化調整区域,60.0,200.0,2007年第４四半期,改装済,,6.57978359661681
19012607,中古マンション等,,19201,山梨県,甲府市,国母,甲府,30分?60分,１Ｒ,55,,,,昭和49年,ＲＣ,住宅,住宅,,,,第１種住居地域,60.0,200.0,2014年第２四半期,未改装,,6.301029995663981
19001940,中古マンション等,,19201,山梨県,甲府市,中央,甲府,18,１Ｋ,20,,,,平成5年,ＳＲＣ,住宅,住宅,,,,商業地域,80.0,600.0,2016年第１四半期,未改装,,6.623249290397901
19001929,中古マンション等,,19201,山梨県,甲府市,中央,甲府,16,２ＬＤＫ,40,,,,平成5年,ＳＲＣ,住宅,住宅,,,,商業地域,80.0,600.0,2016年第４四半期,未改装,,6.7923916894982534
19013580,中古マンション等,,19201,山梨県,甲府市,丸の内,甲府,11,３ＬＤＫ,75,,,,平成21年,ＲＣ,住宅,,,,,商業地域,80.0,400.0,2010年第１四半期,改装済,,7.3222192947339195
19026595,中古マンション等,,19201,山梨県,甲府市,国母,甲府,30分?60分,２ＬＤＫ,55,,,,昭和49年,ＲＣ,住宅,,,,,第１種住居地域,60.0,200.0,2007年第４四半期,未改装,,6.544068044350276
19002327,中古マンション等,,19201,山梨県,甲府市,丸の内,甲府,8,３ＬＤＫ,75,,,,平成22年,ＲＣ,住宅,住宅,,,,商業地域,80.0,600.0,2017年第３四半期,未改装,,7.6127838567197355
19014164,中古マンション等,,19201,山梨県,甲府市,北口,甲府,4,１Ｋ,25,,,,昭和61年,ＳＲＣ,住宅,,,,,商業地域,80.0,600.0,2011年第１四半期,改装済,,6.342422680822207
19023159,中古マンション等,,19201,山梨県,甲府市,朝日,甲府,6,１Ｋ,20,,,,昭和63年,ＳＲＣ,住宅,,,,,商業地域,80.0,400.0,2009年第１四半期,未改装,,6.204119982655925
19001833,中古マンション等,,19201,山梨県,甲府市,中央,金手,5,２ＬＤＫ,60,,,,昭和50年,ＲＣ,住宅,住宅,,,,商業地域,80.0,400.0,2017年第１四半期,未改装,,6.556302500767288
19001826,中古マンション等,,19201,山梨県,甲府市,中央,金手,5,２ＤＫ,45,,,,,,,住宅,,,,,,,2019年第４四半期,,,6.623249290397901
19000857,中古マンション等,,19201,山梨県,甲府市,北口,甲府,3,１Ｋ,25,,,,昭和62年,ＳＲＣ,住宅,,,,,商業地域,80.0,600.0,2017年第３四半期,未改装,,6.6127838567197355
19021651,中古マンション等,,19201,山梨県,甲府市,元紺屋町,甲府,14,３ＬＤＫ,85,,,,平成16年,ＲＣ,住宅,,,,,第１種中高層住居専用地域,60.0,200.0,2013年第４四半期,改装済,,7.3222192947339195
19013010,中古マンション等,,19201,山梨県,甲府市,丸の内,甲府,9,１Ｋ,20,,,,昭和63年,ＳＲＣ,住宅,,,,,商業地域,80.0,400.0,2014年第１四半期,未改装,,6.079181246047625
19013565,中古マンション等,,19201,山梨県,甲府市,丸の内,甲府,8,３ＬＤＫ,70,,,,平成22年,ＲＣ,住宅,,,,,商業地域,80.0,600.0,2010年第２四半期,未改装,,7.380211241711606
19002446,中古マンション等,,19201,山梨県,甲府市,宮前町,甲府,11,４ＬＤＫ,85,,,,平成5年,ＲＣ,,住宅,,,,第２種住居地域,60.0,200.0,2018年第１四半期,未改装,,7.176091259055681
19001247,中古マンション等,,19201,山梨県,甲府市,里吉,南甲府,15,２ＬＤＫ,60,,,,平成8年,ＲＣ,住宅,住宅,,,,準工業地域,60.0,200.0,2019年第１四半期,改装済,,6.9084850188786495
19021132,中古マンション等,,19201,山梨県,甲府市,国母,甲斐住吉,23,３ＬＤＫ,75,,,,平成10年,ＲＣ,住宅,,,,,第１種住居地域,60.0,200.0,2013年第２四半期,改装済,,7.0
19001739,中古マンション等,,19201,山梨県,甲府市,宝,甲府,13,３ＬＤＫ,70,,,,平成19年,ＲＣ,住宅,住宅,,,,第２種住居地域,60.0,200.0,2016年第４四半期,未改装,,7.301029995663981
19026946,中古マンション等,,19201,山梨県,甲府市,宮前町,甲府,10,１Ｋ,20,,,,平成5年,ＲＣ,住宅,,,,,第２種住居地域,60.0,200.0,2008年第１四半期,未改装,,6.57978359661681
19026596,中古マンション等,,19201,山梨県,甲府市,国母,甲府,30分?60分,３ＬＤＫ,75,,,,平成10年,ＲＣ,住宅,,,,,第１種住居地域,60.0,200.0,2007年第３四半期,,,7.146128035678238
19026827,中古マンション等,,19201,山梨県,甲府市,富竹,甲府,30分?60分,２ＬＤＫ,65,,,,平成19年,ＲＣ,住宅,,,,,準工業地域,60.0,200.0,2008年第４四半期,改装済,,7.176091259055681
19019571,中古マンション等,,19201,山梨県,甲府市,里吉,南甲府,15,３ＬＤＫ,70,,,,平成8年,ＲＣ,住宅,,,,,準工業地域,60.0,200.0,2012年第４四半期,未改装,,6.968482948553935
19015135,中古マンション等,,19201,山梨県,甲府市,湯村,甲府,30分?60分,４ＬＤＫ,85,,,,平成16年,ＳＲＣ,住宅,,,,,商業地域,80.0,400.0,2011年第３四半期,未改装,,7.176091259055681
19001356,中古マンション等,,19201,山梨県,甲府市,下石田,甲府,30分?60分,３ＬＤＫ,80,,,,平成10年,ＲＣ,住宅,住宅,,,,第１種住居地域,60.0,200.0,2016年第４四半期,未改装,,7.146128035678238
19001193,中古マンション等,,19201,山梨県,甲府市,酒折,酒折,7,１Ｋ,20,,,,,ＲＣ,住宅,住宅,,,,市街化調整区域,,,2016年第２四半期,,,6.2552725051033065
19021203,中古マンション等,,19201,山梨県,甲府市,酒折,酒折,8,１Ｋ,20,,,,,ＲＣ,住宅,,,,,市街化調整区域,,,2013年第１四半期,未改装,,6.0
19013518,中古マンション等,,19201,山梨県,甲府市,丸の内,甲府,8,３ＬＤＫ,90,,,,平成22年,ＲＣ,住宅,,,,,商業地域,80.0,600.0,2010年第３四半期,,,7.462397997898956
19000873,中古マンション等,,19201,山梨県,甲府市,北口,甲府,3,２ＬＤＫ,65,,,,平成8年,ＳＲＣ,住宅,住宅,,,,商業地域,80.0,400.0,2015年第１四半期,未改装,,7.176091259055681
19013561,中古マンション等,,19201,山梨県,甲府市,丸の内,甲府,8,４ＬＤＫ,125,,,,平成22年,ＲＣ,住宅,,,,,商業地域,80.0,600.0,2010年第２四半期,未改装,,7.690196080028514
19012871,中古マンション等,,19201,山梨県,甲府市,中央,甲府,18,,55,,,,昭和64年,ＳＲＣ,住宅,,,,,商業地域,80.0,400.0,2014年第１四半期,未改装,,6.857332496431268
19021375,中古マンション等,,19201,山梨県,甲府市,高畑,甲府,29,４ＬＤＫ,115,,,,平成14年,ＲＣ,住宅,,,,,第２種住居地域,60.0,200.0,2013年第１四半期,未改装,,7.361727836017593
19000844,中古マンション等,,19201,山梨県,甲府市,川田町,石和温泉,11,２ＬＤＫ,50,,,,平成6年,ＲＣ,住宅,住宅,,,,市街化調整区域,60.0,200.0,2016年第３四半期,未改装,,6.832508912706237
19019465,中古マンション等,,19201,山梨県,甲府市,上石田,甲府,30分?60分,４ＬＤＫ,70,,,,,ＲＣ,住宅,,,,,第１種中高層住居専用地域,60.0,200.0,2012年第４四半期,未改装,,6.799340549453582
19013581,中古マンション等,,19201,山梨県,甲府市,丸の内,甲府,11,３ＬＤＫ,75,,,,平成21年,ＲＣ,住宅,,,,,商業地域,80.0,400.0,2010年第１四半期,未改装,,7.3222192947339195
19013168,中古マンション等,,19201,山梨県,甲府市,下飯田,甲府,30分?60分,３ＬＤＫ,65,,,,平成21年,ＳＲＣ,住宅,,,,,第１種住居地域,60.0,200.0,2010年第２四半期,改装済,,7.2552725051033065
19024013,中古マンション等,,19201,山梨県,甲府市,丸の内,甲府,11,３ＬＤＫ,70,,,,平成21年,ＲＣ,住宅,,,,,商業地域,80.0,400.0,2009年第４四半期,未改装,,7.2552725051033065
19000867,中古マンション等,,19201,山梨県,甲府市,北口,甲府,3,１Ｋ,25,,,,昭和61年,ＳＲＣ,住宅,事務所,,,,商業地域,80.0,600.0,2016年第２四半期,未改装,,6.477121254719663
19026602,中古マンション等,,19201,山梨県,甲府市,国母,国母,30分?60分,２ＬＤＫ,50,,,,昭和49年,ＲＣ,住宅,,,,,第１種住居地域,60.0,200.0,2007年第４四半期,改装済,,6.633468455579586
19001827,中古マンション等,,19201,山梨県,甲府市,中央,金手,4,２ＤＫ,55,,,,昭和50年,ＳＲＣ,住宅,住宅,,,,商業地域,80.0,400.0,2018年第４四半期,改装済,,6.531478917042255
19000176,中古マンション等,,19201,山梨県,甲府市,朝日,甲府,4,１Ｋ,15,,,,昭和63年,ＳＲＣ,住宅,住宅,,,,商業地域,80.0,400.0,2015年第１四半期,,,6.278753600952829
19002333,中古マンション等,,19201,山梨県,甲府市,丸の内,甲府,9,３ＬＤＫ,70,,,,平成19年,ＲＣ,住宅,住宅,,,,商業地域,80.0,400.0,2017年第２四半期,未改装,,7.342422680822207
19023158,中古マンション等,,19201,山梨県,甲府市,朝日,甲府,10,１Ｋ,15,,,,昭和63年,ＳＲＣ,住宅,,,,,商業地域,80.0,400.0,2009年第３四半期,未改装,,6.301029995663981
19026446,中古マンション等,,19201,山梨県,甲府市,大里町,国母,24,３ＬＤＫ,65,,,,平成6年,ＲＣ,住宅,,,,,第２種中高層住居専用地域,60.0,200.0,2007年第２四半期,改装済,,7.041392685158225
19001955,中古マンション等,,19201,山梨県,甲府市,中央,甲府,16,２ＤＫ,45,,,,平成5年,ＳＲＣ,住宅,住宅,,,,商業地域,80.0,600.0,2015年第２四半期,未改装,,6.929418925714293
19012762,中古マンション等,,19201,山梨県,甲府市,善光寺,善光寺,8,１Ｒ,15,,,,平成3年,鉄骨造,住宅,住宅,,,,第１種中高層住居専用地域,60.0,200.0,2014年第４四半期,未改装,,6.2552725051033065
19013052,中古マンション等,,19201,山梨県,甲府市,国母,甲府,30分?60分,２ＬＤＫ,60,,,,昭和49年,ＲＣ,住宅,,,,,第１種住居地域,60.0,200.0,2010年第４四半期,未改装,,6.5910646070264995
19013515,中古マンション等,,19201,山梨県,甲府市,丸の内,甲府,8,３ＬＤＫ,70,,,,平成22年,ＲＣ,住宅,,,,,商業地域,80.0,600.0,2010年第３四半期,未改装,,7.431363764158987
19021052,中古マンション等,,19201,山梨県,甲府市,川田町,石和温泉,13,１ＤＫ,35,,,,平成6年,ＲＣ,住宅,,,,,市街化調整区域,70.0,400.0,2013年第４四半期,改装済,,6.672097857935717
19001937,中古マンション等,,19201,山梨県,甲府市,中央,甲府,19,１Ｋ,20,,,,平成3年,鉄骨造,住宅,その他,,,,商業地域,80.0,400.0,2016年第２四半期,未改装,,6.0
19002317,中古マンション等,,19201,山梨県,甲府市,丸の内,甲府,10,３ＬＤＫ,75,,,,平成19年,ＲＣ,住宅,住宅,,,,商業地域,80.0,400.0,2018年第２四半期,未改装,,7.342422680822207
19001500,中古マンション等,,19201,山梨県,甲府市,城東,善光寺,5,３ＬＤＫ,65,,,,平成3年,ＲＣ,,住宅,,,,準工業地域,60.0,200.0,2019年第３四半期,未改装,,6.845098040014257
19021605,中古マンション等,,19201,山梨県,甲府市,丸の内,甲府,9,３ＬＤＫ,70,,,,平成18年,ＲＣ,住宅,,,,,商業地域,80.0,400.0,2013年第３四半期,未改装,,7.361727836017593
19021212,中古マンション等,,19201,山梨県,甲府市,里吉,南甲府,15,３ＬＤＫ,70,,,,平成8年,ＲＣ,住宅,,,,,準工業地域,60.0,200.0,2013年第３四半期,改装済,,7.113943352306837
19001678,中古マンション等,,19201,山梨県,甲府市,善光寺,善光寺,8,１Ｋ,15,,,,平成3年,鉄骨造,住宅,,,,,第１種中高層住居専用地域,60.0,200.0,2016年第１四半期,未改装,,5.812913356642856
19001158,中古マンション等,,19201,山梨県,甲府市,幸町,南甲府,8,２ＬＤＫ,70,,,,平成17年,ＲＣ,住宅,住宅,,,,準工業地域,60.0,200.0,2018年第１四半期,未改装,,7.2552725051033065
19026789,中古マンション等,,19201,山梨県,甲府市,中央,金手,6,２ＬＤＫ,55,,,,昭和50年,ＲＣ,住宅,,,,,商業地域,80.0,400.0,2008年第４四半期,未改装,,6.477121254719663
19002307,中古マンション等,,19201,山梨県,甲府市,丸の内,甲府,8,１Ｋ,20,,,,昭和63年,ＳＲＣ,住宅,その他,,,,商業地域,80.0,400.0,2019年第１四半期,,,6.301029995663981
19001255,中古マンション等,,19201,山梨県,甲府市,里吉,南甲府,15,４ＬＤＫ,80,,,,平成8年,ＲＣ,,住宅,,,,準工業地域,60.0,200.0,2017年第４四半期,未改装,,6.698970004336019
19024011,中古マンション等,,19201,山梨県,甲府市,丸の内,甲府,11,３ＬＤＫ,70,,,,平成21年,ＲＣ,住宅,,,,,商業地域,80.0,400.0,2009年第４四半期,未改装,,7.301029995663981
19013551,中古マンション等,,19201,山梨県,甲府市,丸の内,甲府,8,３ＬＤＫ,80,,,,平成22年,ＳＲＣ,住宅,,,,,商業地域,80.0,600.0,2010年第３四半期,未改装,,7.447158031342219
19019555,中古マンション等,,19201,山梨県,甲府市,酒折,酒折,10,,65,,,,平成5年,ＲＣ,住宅,,,,,市街化調整区域,60.0,200.0,2012年第２四半期,,,6.7160033436347994
19023572,中古マンション等,,19201,山梨県,甲府市,幸町,南甲府,9,３ＬＤＫ,70,,,,平成9年,ＲＣ,住宅,,,,,準工業地域,60.0,200.0,2009年第２四半期,未改装,,7.113943352306837
19001055,中古マンション等,,19201,山梨県,甲府市,国母,国母,5,３ＬＤＫ,70,,,,平成12年,ＲＣ,住宅,住宅,,,,第１種住居地域,60.0,200.0,2017年第２四半期,未改装,,7.204119982655925
19013356,中古マンション等,,19201,山梨県,甲府市,中央,甲府,18,２ＤＫ,40,,,,平成5年,ＳＲＣ,住宅,,,,,商業地域,80.0,600.0,2010年第４四半期,改装済,,6.812913356642856
19000133,中古マンション等,,19201,山梨県,甲府市,朝日,甲府,6,１Ｒ,15,,,,昭和63年,ＳＲＣ,住宅,住宅,,,,商業地域,80.0,400.0,2020年第１四半期,未改装,,6.146128035678238
19014258,中古マンション等,,19201,山梨県,甲府市,国母,甲府,30分?60分,３ＬＤＫ,75,,,,平成10年,ＲＣ,住宅,,,,,第１種住居地域,60.0,200.0,2011年第１四半期,改装済,,7.079181246047625
19002357,中古マンション等,,19201,山梨県,甲府市,丸の内,甲府,9,３ＬＤＫ,75,,,,平成19年,ＲＣ,住宅,住宅,,,,商業地域,80.0,400.0,2015年第２四半期,未改装,,7.113943352306837
